,s.game,,,,,,,,playing,Views,followers,,,,,,,,
31239872720,,3840,1080,60.010345,0,2018-11-14T19:01:04Z,Sardoche,sardoche,IRL,26794990,262216,SARDOCHE - PrÌ© stream de MILLE HEURES,fr,fr,,2013-10-28T17:02:47Z,2018-11-14T21:32:10Z,TRUE,TRUE
31241145344,Just Chatting,219,720,60,0,2018-11-14T20:50:14Z,JOEYKAOTYK,joeykaotyk,Travel & Outdoors,957989,23295,Portland day 3 Solo - new !Youtube !social !discord,en,en,,2014-11-27T05:08:39Z,2018-11-14T22:06:12Z,FALSE,TRUE
31239159888,Art,194,720,60,0,2018-11-14T18:00:41Z,girlstreamers_inc,girlstreamers_inc,PLAYERUNKNOWN'S BATTLEGROUNDS,292921,11449,GirlStreamers | ArielRages | What's A Wednesday Without Some Chicken Dinner?,en,en,,2016-03-18T22:19:00Z,2018-11-14T22:19:02Z,TRUE,FALSE
31241624144,,135,1080,30,0,2018-11-14T21:33:02Z,FAUXRE,fauxre,IRL,410432,29117,‰ªÁ [LIVE] [ENG] Drawing Requests (MASTER PIECES!!!!!)~ ‰ªÁ,en,en,,2016-06-24T23:24:41Z,2018-11-14T21:41:33Z,FALSE,TRUE
31241624144,,135,1080,30,0,2018-11-14T21:33:02Z,FAUXRE,fauxre,IRL,410432,29117,‰ªÁ [LIVE] [ENG] Drawing Requests (MASTER PIECES!!!!!)~ ‰ªÁ,en,en,,2016-06-24T23:24:41Z,2018-11-14T21:41:33Z,FALSE,TRUE
31241624144,,127,1080,30,0,2018-11-14T21:33:02Z,FAUXRE,fauxre,IRL,410432,29117,‰ªÁ [LIVE] [ENG] Drawing Requests (MASTER PIECES!!!!!)~ ‰ªÁ,en,en,,2016-06-24T23:24:41Z,2018-11-14T21:41:33Z,FALSE,TRUE
31241624144,,127,1080,30,0,2018-11-14T21:33:02Z,FAUXRE,fauxre,IRL,410432,29117,‰ªÁ [LIVE] [ENG] Drawing Requests (MASTER PIECES!!!!!)~ ‰ªÁ,en,en,,2016-06-24T23:24:41Z,2018-11-14T21:41:33Z,FALSE,TRUE
31241578784,,116,720,31,0,2018-11-14T21:29:06Z,thelgc,thelgc,IRL,37,2,building!,en,en,,2017-01-20T13:00:40Z,2018-11-14T22:04:05Z,FALSE,FALSE
31241578784,,116,720,31,0,2018-11-14T21:29:06Z,thelgc,thelgc,IRL,37,2,building!,en,en,,2017-01-20T13:00:40Z,2018-11-14T22:04:05Z,FALSE,FALSE
31241578784,,99,720,31,0,2018-11-14T21:29:06Z,thelgc,thelgc,IRL,37,2,building!,en,en,,2017-01-20T13:00:40Z,2018-11-14T22:04:05Z,FALSE,FALSE
31241578784,,99,720,31,0,2018-11-14T21:29:06Z,thelgc,thelgc,IRL,37,2,building!,en,en,,2017-01-20T13:00:40Z,2018-11-14T22:04:05Z,FALSE,FALSE
31241628336,,92,1080,29.979675,0,2018-11-14T21:33:25Z,TwitchChipArt,twitchchipart,IRL,57193,89879,Tretas do Hardware -Black Friday da ChipArt !,pt,pt-br,,2017-09-11T19:25:44Z,2018-11-14T21:35:06Z,FALSE,FALSE
31240437504,,66,720,60,0,2018-11-14T19:50:02Z,lelliia,lelliia,IRL,405938,29775,Croquis et blabla <3,fr,fr,,2016-11-14T00:33:51Z,2018-11-14T21:34:20Z,TRUE,TRUE
31241654720,,30,720,30,0,2018-11-14T21:35:50Z,victoriaaa,victoriaaa,IRL,9684,939,let's get this bread ladies,en,en,,2017-03-16T20:34:44Z,2018-11-14T22:06:39Z,FALSE,FALSE
31241560288,,20,1080,30,0,2018-11-14T21:27:20Z,topcoder_official,topcoder_official,Creative,23344,255,TCO18 Finals - Day 1,en,en,,2015-11-04T20:27:53Z,2018-11-14T22:04:52Z,FALSE,FALSE
31240319600,,20,1080,60,0,2018-11-14T19:39:24Z,Robin_Nosterafu,robin_nosterafu,IRL,18295,1375,Die Vorbereitung auf den 48-Stunden-Stream.,de,de,,2018-01-08T17:13:59Z,2018-11-14T21:32:48Z,FALSE,FALSE
31240373120,,19,1080,60,0,2018-11-14T19:44:11Z,Omatum_Greg,omatum_greg,Creative,45509,1748,"Ecommerce Design, Development and Sales | Brand building and high-end marketing sites",en,en,,2017-07-11T16:19:56Z,2018-11-14T22:04:39Z,FALSE,FALSE
31240262432,,17,720,23.979591,0,2018-11-14T19:34:24Z,moWindows94,mowindows94,Creative,2845,366,Drawing Comics and girls and vaporwave things,en,en,,2017-02-28T06:55:14Z,2018-11-14T22:03:21Z,TRUE,FALSE
31240048672,Dota 2,17,1080,60,0,2018-11-14T19:15:35Z,H3LLBOY_666,h3llboy_666,The Witcher 3: Wild Hunt,7214,193,_ÙÓ«_Ù_¥_Ê_Õ_Ç_ª _Ê__Ñ _Õ DOTA 2_ÙÓ«,ru,ru,,2018-04-05T13:59:10Z,2018-11-14T22:18:12Z,FALSE,FALSE
31242020464,,14,720,30,0,2018-11-14T22:08:52Z,Shaphira_Designs,shaphira_designs,Creative,3288,298,DiseÌ±ando en Directo,es,es,,2016-03-26T18:13:44Z,2018-11-14T22:02:20Z,FALSE,FALSE
31241367984,,14,720,59.949623,0,2018-11-14T21:09:38Z,DoubleS124,doubles124,Creative,23634,586,11/14/18 Sprite Animating - Resurrection R Episode 6,en,en,,2013-11-03T02:30:10Z,2018-11-14T22:07:19Z,FALSE,FALSE
31242020464,,14,720,30,0,2018-11-14T22:08:52Z,Shaphira_Designs,shaphira_designs,Creative,3288,298,DiseÌ±ando en Directo,es,es,,2016-03-26T18:13:44Z,2018-11-14T22:02:20Z,FALSE,FALSE
31242020464,,14,720,30,0,2018-11-14T22:08:52Z,Shaphira_Designs,shaphira_designs,Creative,3288,298,DiseÌ±ando en Directo,es,es,,2016-03-26T18:13:44Z,2018-11-14T22:02:20Z,FALSE,FALSE
31242020464,,13,720,30,0,2018-11-14T22:08:52Z,Shaphira_Designs,shaphira_designs,Creative,3288,298,DiseÌ±ando en Directo,es,es,,2016-03-26T18:13:44Z,2018-11-14T22:02:20Z,FALSE,FALSE
31242020464,,13,720,30,0,2018-11-14T22:08:52Z,Shaphira_Designs,shaphira_designs,Creative,3288,298,DiseÌ±ando en Directo,es,es,,2016-03-26T18:13:44Z,2018-11-14T22:02:20Z,FALSE,FALSE
31242020464,,13,720,30,0,2018-11-14T22:08:52Z,Shaphira_Designs,shaphira_designs,Creative,3288,298,DiseÌ±ando en Directo,es,es,,2016-03-26T18:13:44Z,2018-11-14T22:02:20Z,FALSE,FALSE
31242020464,,13,720,30,0,2018-11-14T22:08:52Z,Shaphira_Designs,shaphira_designs,Creative,3288,298,DiseÌ±ando en Directo,es,es,,2016-03-26T18:13:44Z,2018-11-14T22:02:20Z,FALSE,FALSE
31242020464,,13,720,30,0,2018-11-14T22:08:52Z,Shaphira_Designs,shaphira_designs,Creative,3288,298,DiseÌ±ando en Directo,es,es,,2016-03-26T18:13:44Z,2018-11-14T22:02:20Z,FALSE,FALSE
31242020464,,13,720,30,0,2018-11-14T22:08:52Z,Shaphira_Designs,shaphira_designs,Creative,3288,298,DiseÌ±ando en Directo,es,es,,2016-03-26T18:13:44Z,2018-11-14T22:02:20Z,FALSE,FALSE
31241825824,The Jackbox Party Pack 5,13,720,30,0,2018-11-14T21:51:35Z,SophiaKim,sophiakim,Doki Doki Literature Club,1955,130,I FOKIN HIT AFFILIATE. Jackbox stream :^),en,en,,2017-11-14T01:10:44Z,2018-11-14T22:19:06Z,FALSE,FALSE
31241197808,,13,720,30,0,2018-11-14T20:55:04Z,LunaSorcery,lunasorcery,Creative,1696,125,Shader Live-coding in Bonzomatic!,en,en,,2013-04-07T16:40:26Z,2018-11-14T21:30:51Z,FALSE,FALSE
31240022256,Call of Duty: Black Ops 4,13,720,30,0,2018-11-14T19:13:22Z,Juan_Morales_,juan_morales_,Fortnite,498,122,Directo al canto.. xD,es,es,,2018-09-12T19:31:27Z,2018-11-14T22:14:59Z,FALSE,FALSE
31240022256,Call of Duty: Black Ops 4,13,720,30,0,2018-11-14T19:13:22Z,Juan_Morales_,juan_morales_,Fortnite,498,122,Directo al canto.. xD,es,es,,2018-09-12T19:31:27Z,2018-11-14T22:14:59Z,FALSE,FALSE
31240022256,Call of Duty: Black Ops 4,11,720,30,0,2018-11-14T19:13:22Z,Juan_Morales_,juan_morales_,Fortnite,498,122,Directo al canto.. xD,es,es,,2018-09-12T19:31:27Z,2018-11-14T22:14:59Z,FALSE,FALSE
31241266112,Fortnite,11,864,60,0,2018-11-14T21:00:44Z,Phazed,phazed,Call of Duty: Black Ops 4,52353,4825,What to do |  @Phazed562 on Twitter:),en,en,,2015-02-06T00:10:25Z,2018-11-14T22:09:54Z,FALSE,TRUE
31241260464,,11,1080,30,0,2018-11-14T21:00:17Z,Stephen_Wolfram,stephen_wolfram,Creative,22456,986,Live CEOing (205): Resource System Framework in #WolfLang,en,en,,2017-06-01T00:14:02Z,2018-11-14T22:03:28Z,FALSE,TRUE
31240022256,Call of Duty: Black Ops 4,11,720,30,0,2018-11-14T19:13:22Z,Juan_Morales_,juan_morales_,Fortnite,498,122,Directo al canto.. xD,es,es,,2018-09-12T19:31:27Z,2018-11-14T22:14:59Z,FALSE,FALSE
31239868144,,11,720,30,0,2018-11-14T19:00:45Z,nenasaurs,nenasaurs,Creative,4199,429,crochet commission work <3 ~ subs get doodles!,en,en,,2017-02-14T06:38:25Z,2018-11-14T21:31:08Z,FALSE,FALSE
31240967440,The Plague,10,720,30,0,2018-11-14T20:34:22Z,Clabio,clabio,Destiny 2,714,37,[ENG] Looks fun!!!,en,no,,2015-05-26T20:59:40Z,2018-11-14T22:16:25Z,TRUE,FALSE
31240967440,The Plague,10,720,30,0,2018-11-14T20:34:22Z,Clabio,clabio,Destiny 2,714,37,[ENG] Looks fun!!!,en,no,,2015-05-26T20:59:40Z,2018-11-14T22:16:25Z,TRUE,FALSE
31240967440,The Plague,10,720,30,0,2018-11-14T20:34:22Z,Clabio,clabio,Destiny 2,714,37,[ENG] Looks fun!!!,en,no,,2015-05-26T20:59:40Z,2018-11-14T22:16:25Z,TRUE,FALSE
31240967440,The Plague,10,720,30,0,2018-11-14T20:34:22Z,Clabio,clabio,Destiny 2,714,37,[ENG] Looks fun!!!,en,no,,2015-05-26T20:59:40Z,2018-11-14T22:16:25Z,TRUE,FALSE
31240485712,Call of Duty: Black Ops 4,9,720,60.031597,0,2018-11-14T19:54:11Z,HighRob,highrob,Mortal Kombat X,707,67,[EN/PC] LV8 ‰ª£ MORTAAALLL KOMBAT ‰ª£,en,en,,2018-03-16T21:13:52Z,2018-11-14T22:18:50Z,TRUE,FALSE
31241957104,,8,720,30,0,2018-11-14T22:03:06Z,humbleacresyarn,humbleacresyarn,Creative,19288,229,Magic Monday,en,en,,2017-02-07T00:52:41Z,2018-11-14T21:02:00Z,TRUE,FALSE
31240672816,,8,768,30,0,2018-11-14T20:08:43Z,MrRobinHess,mrrobinhess,Creative,16747,1572,#digital #fanart #drawing #comic #art,ru,ru,,2016-04-29T12:21:19Z,2018-11-14T21:32:28Z,FALSE,FALSE
31231218128,,8,1440,29.979675,0,2018-11-14T00:45:07Z,whalepool,whalepool,IRL,24221,540,Whalepool Live Bitcoin / Cryptocurrency Trading Stream 24/7/365,en,en,,2016-09-17T22:01:09Z,2018-11-14T21:04:03Z,FALSE,FALSE
31241432976,,7,540,30,0,2018-11-14T21:15:23Z,yuniese,yuniese,Creative,159,19,megumin scribbles,en,en-gb,,2018-04-05T20:56:35Z,2018-11-14T22:06:53Z,FALSE,FALSE
31241275824,,7,1080,30,0,2018-11-14T21:01:30Z,red_clay_skull,red_clay_skull,Creative,2194,132,Sculptastic! :D,en,en,,2014-02-16T01:53:08Z,2018-11-14T22:06:26Z,TRUE,FALSE
31239888176,,7,720,30,0,2018-11-14T19:02:15Z,Steffanie_Rainbow,steffanie_rainbow,Creative,1076,86,chill stream + Storyboarding my Manga,en,de,,2016-09-03T17:05:27Z,2018-11-14T22:02:55Z,TRUE,FALSE
31238485120,,7,720,59.949623,0,2018-11-14T16:59:45Z,zualkigen,zualkigen,IRL,3201,104,[GER] #botLarry !musik,de,de,,2016-02-23T15:28:05Z,2018-11-14T21:51:41Z,TRUE,FALSE
31241692416,,6,720,30,0,2018-11-14T21:39:08Z,emeiri,emeiri,Creative,66,10,bored coloring + talking,en,en,,2015-12-03T06:01:59Z,2018-11-14T22:06:29Z,FALSE,FALSE
31241504256,,6,768,29,0,2018-11-14T21:22:08Z,Tok1ra,tok1ra,Creative,818,70,PreparÌÁndome para el Gfe (Las mejores isla tuki tuki),es,es,,2017-05-12T04:27:57Z,2018-11-14T22:03:45Z,FALSE,FALSE
31240246112,League of Legends,6,720,30,0,2018-11-14T19:32:59Z,fallenengel1989,fallenengel1989,Dead by Daylight,18741,876,abschlachten lassen,de,de,,2016-02-28T13:30:42Z,2018-11-14T22:07:47Z,TRUE,FALSE
31242048080,Hearthstone,5,864,20,0,2018-11-14T22:11:23Z,sydn3j,sydn3j,Overwatch,276,19,Spontaner Hearthstone/Overwatch-Stream!,de,de,,2018-07-28T14:15:35Z,2018-11-14T22:11:51Z,FALSE,FALSE
31241853520,league of legends,5,768,30,0,2018-11-14T21:54:08Z,proteindozuu,proteindozuu,Counter-Strike: Global Offensive,295,18,solo aram,tr,tr,,2018-11-11T19:46:13Z,2018-11-14T22:19:00Z,FALSE,FALSE
31241599600,,5,720,60,0,2018-11-14T21:30:59Z,Laychu,laychu,Creative,5654,139,League not working ffs waiting game,en,en,,2013-06-08T18:59:40Z,2018-11-14T22:05:15Z,TRUE,FALSE
31241342096,,5,648,60,0,2018-11-14T21:07:18Z,Corbett_Streams,corbett_streams,IRL,462,11,CLEANING MY ROOM BOIS,en,en,,2012-01-12T19:02:05Z,2018-11-14T21:34:18Z,FALSE,FALSE
31241308384,Twisted Metal: Black,5,768,60,0,2018-11-14T21:04:13Z,LiL_Tankk,lil_tankk,Retro,2626,138,Tons of games n fun,en,en,,2011-02-22T04:07:36Z,2018-11-14T22:19:16Z,TRUE,FALSE
31241262688,,5,1080,30,0,2018-11-14T21:00:27Z,Dr_Dubz,dr_dubz,Creative,1685,95,"Some Draw-fu for you, ninja november, 25% off ninja comms",en,en,,2012-12-17T01:00:05Z,2018-11-14T21:35:31Z,TRUE,FALSE
31241005712,,5,1080,30,0,2018-11-14T20:37:46Z,artblock02,artblock02,Creative,837,72,Working on project and doodles,en,en,,2015-11-19T08:34:59Z,2018-11-14T22:04:29Z,FALSE,FALSE
31240624704,Fallout 76,5,720,30,0,2018-11-14T20:04:52Z,ItsMjatt,itsmjatt,League of Legends,1170,64,fallout broke,en,en,,2015-04-01T23:49:42Z,2018-11-14T22:18:14Z,FALSE,FALSE
31240594576,Garry's Mod,5,720,30,0,2018-11-14T20:02:36Z,DrWorming,drworming,Counter-Strike: Global Offensive,8847,733,[FR] Et un peu de CS pour la forme,fr,fr,,2014-05-02T14:01:59Z,2018-11-14T22:18:32Z,TRUE,FALSE
31240448704,,5,720,30,0,2018-11-14T19:50:58Z,wanderingreb,wanderingreb,Creative,194,32,Trying out eevee in Blender 2.8!!,en,en,,2017-04-15T03:31:50Z,2018-11-14T22:07:29Z,FALSE,FALSE
31239446352,Art,5,720,60,0,2018-11-14T18:25:15Z,Olliethefirst,olliethefirst,Call of Duty: Black Ops 4,1915,46,What is life (46/50 followers!),en,en-gb,,2012-11-29T18:14:58Z,2018-11-14T22:15:41Z,FALSE,FALSE
31239202928,Beyond: Two Souls,5,720,60,0,2018-11-14T18:04:03Z,GabrieruAuditore,gabrieruauditore,Assassin's Creed: Brotherhood,7173,207,Ezio cerca casa!!!,it,it,,2012-10-12T18:48:17Z,2018-11-14T22:04:00Z,FALSE,FALSE
31238710688,Call of Duty: Black Ops 4,5,720,30,0,2018-11-14T17:19:53Z,madball_8,madball_8,The Forest,6662,1557,Vegane Kampfkunstimitate ... MGS GER PS4 ÌÏ18,de,de,,2016-08-10T15:13:14Z,2018-11-14T22:07:21Z,TRUE,FALSE
31240448704,,5,720,30,0,2018-11-14T19:50:58Z,wanderingreb,wanderingreb,Creative,194,32,Trying out eevee in Blender 2.8!!,en,en,,2017-04-15T03:31:50Z,2018-11-14T22:07:29Z,FALSE,FALSE
31240448704,,4,720,30,0,2018-11-14T19:50:58Z,wanderingreb,wanderingreb,Creative,194,32,Trying out eevee in Blender 2.8!!,en,en,,2017-04-15T03:31:50Z,2018-11-14T22:07:29Z,FALSE,FALSE
31242005232,,4,960,30,0,2018-11-14T22:07:33Z,stl_StyloRen,stl_styloren,creative,2342,184,Pre ARMS STRIKE LEAGUE TOP 4 thoughts!!!,en,en,,2016-09-23T00:27:27Z,2018-11-14T22:02:07Z,FALSE,FALSE
31241900496,League of Legends,4,1080,60,0,2018-11-14T21:58:28Z,Farciks,farciks,Just Chatting,437,23,Gramy w komputer z Martyn€É :),pl,pl,,2013-04-24T18:00:29Z,2018-11-14T22:18:33Z,TRUE,FALSE
31241633024,,4,786,30,0,2018-11-14T21:33:50Z,inteur,inteur,Creative,27828,624,[FR] On fait de trucs,fr,fr,,2013-04-10T00:50:52Z,2018-11-14T22:05:52Z,TRUE,FALSE
31241368896,,4,480,30,0,2018-11-14T21:09:42Z,Claycorp,claycorp,Creative,29451,1246,"Little trees, Perhaps happy. Expect internet drops....",en,en,,2011-01-14T02:37:59Z,2018-11-14T21:33:31Z,TRUE,FALSE
31241285312,,4,720,30.014124,0,2018-11-14T21:02:15Z,cocopeps,cocopeps,Creative,3814,244,[EN/FR] Let's draw LOL K/DA Evelynn !sr on,en,fr,,2012-10-12T17:40:34Z,2018-11-14T21:09:28Z,FALSE,FALSE
31241219136,,4,720,60,0,2018-11-14T20:56:53Z,shadowymisstep,shadowymisstep,Creative,404,20,Mic Fixed - PS Tutorials then HS Again,en,en,,2014-08-05T18:23:00Z,2018-11-14T22:03:26Z,FALSE,FALSE
31241149888,The Cubicle.,4,720,60,0,2018-11-14T20:50:39Z,itzbouncy,itzbouncy,Beat Saber,12668,608,"{UK} TERRIBLE INTERNET GO AWAY :'( , Come Request some songs! <3 - !Songrequest !Lurk - November Goals 608/630 Followers!",en,en,,2017-12-13T19:09:45Z,2018-11-14T22:08:28Z,FALSE,FALSE
31240919008,,4,720,30,0,2018-11-14T20:30:04Z,mimizello,mimizello,Creative,61,7,UWU,en,en,,2016-11-05T20:24:19Z,2018-11-14T22:03:56Z,FALSE,FALSE
31240821072,Battlefield V,4,720,30,0,2018-11-14T20:21:29Z,EvilDuckk,evilduckk,Counter-Strike: Global Offensive,53135,1593,Du CS:GO avÌ© lÌ© copaings,fr,fr,,2011-09-13T18:15:47Z,2018-11-14T22:05:20Z,FALSE,FALSE
31240533312,,4,720,60,0,2018-11-14T19:58:09Z,thisistrulie,thisistrulie,Creative,644,39,"Creating \fabric\"" for paper Christmas Stocking donation. ",,,,,,,
"#paper #papercraft #studio #drawing""",en,en,,2018-07-30T19:14:04Z,2018-11-14T22:06:58Z,FALSE,FALSE,,,,,,,,,,,,
31240533312,,4,720,60,0,2018-11-14T19:58:09Z,thisistrulie,thisistrulie,Creative,644,39,"Creating \fabric\"" for paper Christmas Stocking donation. ",,,,,,,
"#paper #papercraft #studio #drawing""",en,en,,2018-07-30T19:14:04Z,2018-11-14T22:06:58Z,FALSE,FALSE,,,,,,,,,,,,
31240533312,,4,720,60,0,2018-11-14T19:58:09Z,thisistrulie,thisistrulie,Creative,644,39,"Creating \fabric\"" for paper Christmas Stocking donation. ",,,,,,,
"#paper #papercraft #studio #drawing""",en,en,,2018-07-30T19:14:04Z,2018-11-14T22:06:58Z,FALSE,FALSE,,,,,,,,,,,,
31240533312,,4,720,60,0,2018-11-14T19:58:09Z,thisistrulie,thisistrulie,Creative,644,39,"Creating \fabric\"" for paper Christmas Stocking donation. ",,,,,,,
"#paper #papercraft #studio #drawing""",en,en,,2018-07-30T19:14:04Z,2018-11-14T22:06:58Z,FALSE,FALSE,,,,,,,,,,,,
31240448704,,4,720,30,0,2018-11-14T19:50:58Z,wanderingreb,wanderingreb,Creative,194,32,Trying out eevee in Blender 2.8!!,en,en,,2017-04-15T03:31:50Z,2018-11-14T22:07:29Z,FALSE,FALSE
31239857520,One Hour One Life,4,540,30,0,2018-11-14T19:00:04Z,vokeios,vokeios,Magic: The Gathering,3366,223,"Magiczinho, depois voltamos One Hour!",pt,pt-br,,2015-04-10T12:41:01Z,2018-11-14T22:02:23Z,FALSE,FALSE
31239428240,,4,720,60,0,2018-11-14T18:23:39Z,KeitobiPepsi,keitobipepsi,IRL,453,29,FOOD EATING STREAMS!,en,en,,2013-08-17T18:36:40Z,2018-11-14T21:33:20Z,FALSE,FALSE
31239427056,World of Warcraft,4,720,60,0,2018-11-14T18:23:32Z,HeroHunter,herohunter,SCUM,5721,183,Hey beautiful.. <3 <3  | Chill and chat!! LETS GET IT!,en,en,,2017-07-27T22:12:52Z,2018-11-14T22:11:34Z,FALSE,FALSE
31239293728,,4,720,60,0,2018-11-14T18:11:47Z,RyuFockZ,ryufockz,IRL,3779,440,[ESP/ENG] Ahora vengo!!! \0/ Let's gooooo!!!,es,es,,2017-06-04T18:32:07Z,2018-11-14T22:03:55Z,FALSE,FALSE
31239054000,League of Legends,4,720,59.949623,0,2018-11-14T17:51:53Z,lkzMini,lkzmini,Counter-Strike: Global Offensive,9582,366,normalitas para desestresar ^_^,es,es,,2011-01-23T01:59:06Z,2018-11-14T22:14:34Z,TRUE,FALSE
31239054000,League of Legends,4,720,59.949623,0,2018-11-14T17:51:53Z,lkzMini,lkzmini,Counter-Strike: Global Offensive,9582,366,normalitas para desestresar ^_^,es,es,,2011-01-23T01:59:06Z,2018-11-14T22:14:34Z,TRUE,FALSE
31242131088,Grand Theft Auto V,3,0,0,0,2018-11-14T22:19:03Z,bostonbronx92,bostonbronx92,FIFA 19,246,72,Boston c'Ì¬,it,it,,2018-09-27T06:49:54Z,2018-11-14T22:19:04Z,FALSE,FALSE
31241965760,,3,720,30,0,2018-11-14T22:03:55Z,BadSnip3r,badsnip3r,IRL,2768,174,What to play what to play,en,en,,2012-12-17T20:23:41Z,2018-11-14T22:03:53Z,FALSE,FALSE
31241768240,,3,540,30,0,2018-11-14T21:46:04Z,Calirex23,calirex23,IRL,19159,569,Hey Boosted Gamer BTW,en,en,,2015-07-12T02:09:37Z,2018-11-14T21:46:05Z,FALSE,FALSE
31241766192,Rocket Leagueå¨,3,720,29.97003,0,2018-11-14T21:45:54Z,DriftAU,driftau,Rocket League,171,10,Just casual tings -_-,en,en,,2018-03-03T09:55:17Z,2018-11-14T22:18:23Z,FALSE,FALSE
31241692096,PLAYERUNKNOWN'S BATTLEGROUNDS,3,720,60,0,2018-11-14T21:39:08Z,BergsBrew,bergsbrew,Just Chatting,7048,237,squad memes,en,en,,2015-08-08T19:20:40Z,2018-11-14T22:12:51Z,TRUE,FALSE
31241557648,,3,720,60,0,2018-11-14T21:27:06Z,ChiriChan,chirichan,Creative,2326,223,Merch HYPE! Working on Hoodie/Sweatshirt Design !raffle,en,en,,2013-08-10T02:35:46Z,2018-11-14T21:34:41Z,TRUE,FALSE
31241483264,,3,720,30,0,2018-11-14T21:20:08Z,QualifiedSin,qualifiedsin,IRL,258,62,Trying to figure out how to Twitch correctly!,en,en,,2017-06-11T00:50:56Z,2018-11-14T21:44:34Z,TRUE,FALSE
31241477024,,3,360,26.996626,0,2018-11-14T21:19:34Z,ricklegnerweatherwatcher,ricklegnerweatherwatcher,IRL,112,30,"Wintry Mix Movin In...11/14/18...NO SOUND",en,en,,2017-08-25T14:19:32Z,2018-11-14T21:34:17Z,FALSE,FALSE
31241134288,,3,720,30,0,2018-11-14T20:49:18Z,hkezza,hkezza,Creative,3912,171,Aye Aye Aye - Here we Go and draw again--#digital,en,en,,2012-02-10T04:44:46Z,2018-11-14T21:01:37Z,TRUE,FALSE
31241028352,RimWorld,3,720,30,0,2018-11-14T20:39:48Z,Yoke_Gaming,yoke_gaming,Stardew Valley,1339,66,[GER/ENG] Farmer auf Hochtouren,de,de,,2018-08-31T09:22:55Z,2018-11-14T22:19:23Z,FALSE,FALSE
31241000576,Zombie Army Trilogy,3,720,60,0,2018-11-14T20:37:18Z,R3KK0N,r3kk0n,Grand Theft Auto V,1570,99,[18+] bisschen chillen!,de,de,,2018-09-25T18:20:16Z,2018-11-14T22:17:57Z,TRUE,FALSE
31240722656,PlanetSide 2,3,720,60.02331,0,2018-11-14T20:13:00Z,Sigieron,sigieron,League of Legends,29076,2244,[FR] POUR TERRA ! [PLANETSIDE 2],fr,en,,2012-05-16T15:39:10Z,2018-11-14T22:18:46Z,FALSE,FALSE
31240508672,,3,1080,30,0,2018-11-14T19:56:08Z,reddopasta,reddopasta,Creative,2243,112,Blame it on Rick,en,en-gb,,2016-09-03T19:54:28Z,2018-11-14T21:32:04Z,TRUE,FALSE
31240289264,FIFA 19,3,1080,30,0,2018-11-14T19:36:43Z,onvrmYT,onvrmyt,Call of Duty: Black Ops 4,914,147,Black Ops 4 Bree,de,de,,2018-09-23T18:31:26Z,2018-11-14T22:19:39Z,FALSE,FALSE
31240019232,,3,720,30,0,2018-11-14T19:13:04Z,strejdaxpro,strejdaxpro,Creative,8510,394,TvoªÌ_m,cs,en,,2013-08-15T03:34:50Z,2018-11-14T22:04:18Z,TRUE,FALSE
31240014848,FIFA 19,3,720,60,0,2018-11-14T19:12:41Z,docter48,docter48,Just Chatting,7687,157,JETZT LSD / TÌ_glich grÌ_sst der Doc..,de,de,,2018-02-25T01:02:09Z,2018-11-14T22:19:09Z,FALSE,FALSE
31239476944,Counter-Strike: Global Offensive,3,720,60,0,2018-11-14T18:27:54Z,Supersaz,supersaz,Dota 2,3047,162,THE STREAM DREAM TEAM - COME SAY HEY,en,en,,2010-11-03T17:56:05Z,2018-11-14T21:21:42Z,FALSE,FALSE
31238514000,,3,480,15,0,2018-11-14T17:01:56Z,cpt_meticulous,cpt_meticulous,Creative,3523,9,Main Channel,en,en,,2017-11-07T17:46:43Z,2018-11-14T22:03:35Z,FALSE,FALSE
31238514000,,3,480,15,0,2018-11-14T17:01:56Z,cpt_meticulous,cpt_meticulous,Creative,3523,9,Main Channel,en,en,,2017-11-07T17:46:43Z,2018-11-14T22:03:35Z,FALSE,FALSE
31238508192,Counter-Strike: Global Offensive,3,720,60,0,2018-11-14T17:01:31Z,FroggyMortuiVivosDocent,froggymortuivivosdocent,PLAYERUNKNOWN'S BATTLEGROUNDS,1282,72,Sve/Eng- FroggyTime!,sv,sv,,2017-05-18T12:47:08Z,2018-11-14T22:19:28Z,TRUE,FALSE
31238508192,Counter-Strike: Global Offensive,3,720,60,0,2018-11-14T17:01:31Z,FroggyMortuiVivosDocent,froggymortuivivosdocent,PLAYERUNKNOWN'S BATTLEGROUNDS,1282,72,Sve/Eng- FroggyTime!,sv,sv,,2017-05-18T12:47:08Z,2018-11-14T22:19:28Z,TRUE,FALSE
31238514000,,3,480,15,0,2018-11-14T17:01:56Z,cpt_meticulous,cpt_meticulous,Creative,3523,9,Main Channel,en,en,,2017-11-07T17:46:43Z,2018-11-14T22:03:35Z,FALSE,FALSE
31238514000,,3,480,15,0,2018-11-14T17:01:56Z,cpt_meticulous,cpt_meticulous,Creative,3523,9,Main Channel,en,en,,2017-11-07T17:46:43Z,2018-11-14T22:03:35Z,FALSE,FALSE
31238508192,Counter-Strike: Global Offensive,3,720,60,0,2018-11-14T17:01:31Z,FroggyMortuiVivosDocent,froggymortuivivosdocent,PLAYERUNKNOWN'S BATTLEGROUNDS,1282,72,Sve/Eng- FroggyTime!,sv,sv,,2017-05-18T12:47:08Z,2018-11-14T22:19:28Z,TRUE,FALSE
31238508192,Counter-Strike: Global Offensive,3,720,60,0,2018-11-14T17:01:31Z,FroggyMortuiVivosDocent,froggymortuivivosdocent,PLAYERUNKNOWN'S BATTLEGROUNDS,1282,72,Sve/Eng- FroggyTime!,sv,sv,,2017-05-18T12:47:08Z,2018-11-14T22:19:28Z,TRUE,FALSE
31242131968,Cuphead,2,720,0,0,2018-11-14T22:19:08Z,dolukid,dolukid,Fortnite,11,2,this will make you cry_Ù÷´,en,en,,2018-11-10T16:47:28Z,2018-11-14T22:19:02Z,FALSE,FALSE
31242127856,Destiny 2,2,720,0,0,2018-11-14T22:18:45Z,thatdrayeboy,thatdrayeboy,Darwin Project,521,39,Lets Yeet this Wheat,en,en,,2016-08-05T16:27:34Z,2018-11-14T22:19:01Z,FALSE,FALSE
31242103856,Overwatch,2,720,59.970016,0,2018-11-14T22:16:31Z,Kuyod,kuyod,Call of Dutyå¨: Black Ops 4,2280,674,Grindddd :v,en,en,,2015-01-11T05:53:45Z,2018-11-14T22:18:04Z,FALSE,FALSE
31242083456,Don't Starve,2,720,60,0,2018-11-14T22:14:37Z,Davpelle01,davpelle01,Brawl Stars,83,7,Hoy es un gran dia para Brawl Stars!!! :),es,es,,2016-05-25T17:37:40Z,2018-11-14T22:14:48Z,FALSE,FALSE
31242083456,Don't Starve,2,720,60,0,2018-11-14T22:14:37Z,Davpelle01,davpelle01,Brawl Stars,83,7,Hoy es un gran dia para Brawl Stars!!! :),es,es,,2016-05-25T17:37:40Z,2018-11-14T22:14:48Z,FALSE,FALSE
31242083456,Don't Starve,2,720,60,0,2018-11-14T22:14:37Z,Davpelle01,davpelle01,Brawl Stars,83,7,Hoy es un gran dia para Brawl Stars!!! :),es,es,,2016-05-25T17:37:40Z,2018-11-14T22:14:48Z,FALSE,FALSE
31242083456,Don't Starve,2,720,60,0,2018-11-14T22:14:37Z,Davpelle01,davpelle01,Brawl Stars,83,7,Hoy es un gran dia para Brawl Stars!!! :),es,es,,2016-05-25T17:37:40Z,2018-11-14T22:14:48Z,FALSE,FALSE
31242067632,Talk Shows & Podcasts,2,720,29.985008,0,2018-11-14T22:13:09Z,Ryoichi77,ryoichi77,This War of Mine: The Little Ones,1398,82,"[Ps4\\ITA]Volete giocare alla guerra? Eccola, serata riflessiva. Goal follower 82/100 !comandi",it,it,,2016-04-23T18:12:08Z,2018-11-14T22:14:50Z,FALSE,FALSE
31242026512,,2,720,30,0,2018-11-14T22:09:24Z,bdragonite,bdragonite,IRL,125,23,help me figure out what to play plz,en,en,,2017-12-26T20:32:48Z,2018-11-14T22:09:22Z,FALSE,FALSE
31241971632,,2,720,60,0,2018-11-14T22:04:29Z,jesspika,jesspika,Creative,3001,111,Cat cam! Editing pics on PS. Not the best but practicing!,en,en,,2017-11-05T00:07:16Z,2018-11-14T22:04:27Z,TRUE,FALSE
31241962704,,2,810,60,0,2018-11-14T22:03:37Z,Gravesover9000,gravesover9000,Creative,935,18,Try to improve,de,de,,2015-01-04T15:17:27Z,2018-11-14T20:40:43Z,FALSE,FALSE
31241955408,,2,720,60,0,2018-11-14T22:02:58Z,yyaawwn,yyaawwn,IRL,5119,246,yyaawwns mobilstream,en,sv,,2017-12-27T23:42:01Z,2018-10-25T23:35:21Z,FALSE,FALSE
31241944592,Just Chatting,2,1080,60,0,2018-11-14T22:02:04Z,DropTrooperColo,droptroopercolo,Fallout 76,4052,455,"Fallout 76 Starting Over, Fun stuff with no push to talk!",en,en,,2015-06-10T06:44:41Z,2018-11-14T22:18:22Z,FALSE,FALSE
31241907200,,2,720,29.925186,0,2018-11-14T21:59:05Z,Agent82Happy,agent82happy,IRL,5931,387,Work Work Work,en,en,,2015-11-25T05:53:48Z,2018-11-12T21:10:01Z,TRUE,FALSE
31241842896,Fortnite,2,720,60,0,2018-11-14T21:53:11Z,krronatv,krronatv,osu!,4875,146,osu chill,fr,fr,,2018-01-19T12:22:31Z,2018-11-14T22:19:17Z,FALSE,FALSE
31241802752,,2,720,60,0,2018-11-14T21:49:27Z,JacksMcCardle,jacksmccardle,Creative,3372,211,graphic work | @JackMcCardle,en,en-gb,,2016-12-22T11:59:35Z,2018-11-14T04:08:50Z,FALSE,FALSE
31241775952,,2,720,30,0,2018-11-14T21:46:50Z,phephiphophumb,phephiphophumb,IRL,246,9,Music and Chill,en,en,,2012-11-21T06:10:10Z,2018-11-14T22:05:42Z,FALSE,FALSE
31241690560,,2,1080,60,0,2018-11-14T21:39:02Z,iRADIOUSA,iradiousa,IRL,4007,34,iradiousa's mobile stream,en,en,,2009-10-04T20:14:03Z,2018-11-14T22:02:40Z,FALSE,FALSE
31241676640,,2,720,59.949623,0,2018-11-14T21:37:44Z,AngelFishQueen,angelfishqueen,Creative,415,20,Swipe Up To Get Iced Up,en,en,,2014-05-05T01:10:21Z,2018-11-14T22:04:44Z,TRUE,FALSE
31241674336,,2,720,30.045067,0,2018-11-14T21:37:31Z,chickenwingz238,chickenwingz238,irl,1155,264,walking in the cold,en,en,,2016-01-09T21:26:15Z,2018-11-14T21:36:30Z,FALSE,FALSE
31241616800,,2,1080,60.0096,0,2018-11-14T21:32:25Z,mlapprentice,mlapprentice,Creative,180,4,Building a parametric speech model #DataScience #programming #python #machinelearning,en,en,,2018-02-26T17:36:39Z,2018-11-14T21:31:01Z,FALSE,FALSE
31241579904,Call of Dutyå¨: Black Ops 4,2,480,29.979675,0,2018-11-14T21:29:12Z,auto______,auto______,Call of Duty: Black Ops 4,39,5,Black Ops 4 with 4K Fusion,en,en,,2018-10-23T23:45:26Z,2018-11-14T21:55:59Z,FALSE,FALSE
31241478368,,2,720,30,0,2018-11-14T21:19:42Z,Bearlyfit,bearlyfit,Creative,168475,2058,Editing Senor Portraits and random |  then Fortnite Tourney,en,en,,2015-01-27T05:06:40Z,2018-11-14T21:33:39Z,FALSE,FALSE
31241368752,,2,900,30,0,2018-11-14T21:09:41Z,pokx,pokx,IRL,8,0,RUMO GOLD 5,pt,pt-br,,2017-11-24T01:05:48Z,2018-11-14T22:17:03Z,FALSE,FALSE
31241365712,Darkest Dungeon,2,900,60,0,2018-11-14T21:09:26Z,ZZT_dubasik,zzt_dubasik,Soulcalibur VI,57562,1462,__£ _Ò_Ó_¥ _¢__Ï _Ï___ª C5,ru,ru,,2016-04-20T11:25:45Z,2018-11-14T22:19:38Z,FALSE,TRUE
31241194480,,2,720,30,0,2018-11-14T20:54:47Z,4A_Studios,4a_studios,Creative,666,74,Destiny 2 syncing all day - Maybe some OW at the end :D,en,es,,2015-08-23T23:40:33Z,2018-11-14T21:31:33Z,FALSE,FALSE
31240984736,osu!,2,720,30,0,2018-11-14T20:35:53Z,WakudaKatze,wakudakatze,Enter the Gungeon,179,11,Enter the Gungeon: Quest for the Bullet,en,en,,2017-05-21T01:20:57Z,2018-11-14T22:19:34Z,FALSE,FALSE
31240963904,,2,768,30,0,2018-11-14T20:34:02Z,haircoif,haircoif,IRL,17623,389,FR] Extinctoin  nouv serv x10 small  HaircoiF dans une nouvelle aventure insta: haircoifff,fr,fr,,2012-06-06T05:31:39Z,2018-11-14T22:04:46Z,FALSE,FALSE
31240923952,,2,786,60,0,2018-11-14T20:30:31Z,PaxStereo,paxstereo,Creative,1623,49,Pax Stereo Tv Simulcast - www.paxstereo.tv/watch,en,en,,2009-05-14T02:13:42Z,2018-11-14T20:37:51Z,FALSE,FALSE
31240733376,War Thunder,2,720,60,0,2018-11-14T20:13:56Z,yurnero17,yurnero17,League of Legends,20,2,Lolsito,es,en,,2017-08-16T23:58:46Z,2018-11-14T22:19:12Z,FALSE,FALSE
31240716864,,2,720,60,0,2018-11-14T20:12:32Z,MrBlackMammbaa,mrblackmammbaa,IRL,1344,71,Creation de la nouvelle intro pour la chaine en 3D!,fr,pt,,2017-05-17T09:36:00Z,2018-11-14T21:06:34Z,TRUE,FALSE
31240493440,Overwatch,2,720,60,0,2018-11-14T19:54:51Z,aarden,aarden,Warframe,84,8,Trying to Warframe pls no flame,en,en,,2015-03-21T04:36:53Z,2018-11-14T22:18:05Z,FALSE,FALSE
31240423920,PLAYERUNKNOWN'S BATTLEGROUNDS,2,720,30,0,2018-11-14T19:48:49Z,MrNixGaming,mrnixgaming,Call of Duty: Black Ops 4,582,21,Zombies Metzeln :D (GER),de,de,,2017-04-17T20:01:05Z,2018-11-14T22:17:29Z,FALSE,FALSE
31240364224,,2,720,60,0,2018-11-14T19:43:21Z,pyxael,pyxael,Creative,392,23,‰ªÁ doodling ‰ªÁ,en,en,,2016-12-27T12:42:02Z,2018-11-14T20:10:17Z,FALSE,FALSE
31239649200,,2,540,30,0,2018-11-14T18:42:50Z,salubel,salubel,IRL,181,0,Conferencia Salubel,es,en,,2018-07-31T00:30:04Z,2018-11-14T21:03:13Z,FALSE,FALSE
31230496208,,2,720,30,0,2018-11-13T23:47:36Z,HmmmTPTK,hmmmtptk,IRL,1856,16,Day 66 - Live ReggieBot trading test - Starting balance 0.127 (0.037 BTC + 0.09 BTC added 25th of September ),en,el,,2015-06-24T00:42:04Z,2018-11-14T22:01:58Z,FALSE,FALSE
31242067632,Talk Shows & Podcasts,2,720,29.985008,0,2018-11-14T22:13:09Z,Ryoichi77,ryoichi77,This War of Mine: The Little Ones,1398,82,"[Ps4\\ITA]Volete giocare alla guerra? Eccola, serata riflessiva. Goal follower 82/100 !comandi",it,it,,2016-04-23T18:12:08Z,2018-11-14T22:14:50Z,FALSE,FALSE
31240984736,osu!,2,720,30,0,2018-11-14T20:35:53Z,WakudaKatze,wakudakatze,Enter the Gungeon,179,11,Enter the Gungeon: Quest for the Bullet,en,en,,2017-05-21T01:20:57Z,2018-11-14T22:19:34Z,FALSE,FALSE
31242067632,Talk Shows & Podcasts,1,720,29.985008,0,2018-11-14T22:13:09Z,Ryoichi77,ryoichi77,This War of Mine: The Little Ones,1398,82,"[Ps4\\ITA]Volete giocare alla guerra? Eccola, serata riflessiva. Goal follower 82/100 !comandi",it,it,,2016-04-23T18:12:08Z,2018-11-14T22:14:50Z,FALSE,FALSE
31240984736,osu!,1,720,30,0,2018-11-14T20:35:53Z,WakudaKatze,wakudakatze,Enter the Gungeon,179,11,Enter the Gungeon: Quest for the Bullet,en,en,,2017-05-21T01:20:57Z,2018-11-14T22:19:34Z,FALSE,FALSE
31242114864,Art,1,1080,60,0,2018-11-14T22:17:28Z,AmbassadorXB,ambassadorxb,The Jackbox Party Pack 5,24029,370,(Xbox One/EN) A fallen streamer making a comeback with Jackbox 5. (13+ Stream),en,en,,2016-06-29T21:56:35Z,2018-11-14T22:18:22Z,TRUE,FALSE
31242112512,League of Legends,1,720,30,0,2018-11-14T22:17:15Z,NicoShiroNeko,nicoshironeko,,61,11,,pt,pt-br,,2018-10-31T05:38:49Z,2018-11-14T22:19:19Z,FALSE,FALSE
31242094288,,1,1080,60,0,2018-11-14T22:15:35Z,THEflamersCREW,theflamerscrew,IRL,1839,45,Esto va de todo un poco,es,es,,2016-05-19T00:33:17Z,2018-11-14T22:15:31Z,FALSE,FALSE
31242067632,Talk Shows & Podcasts,1,720,29.985008,0,2018-11-14T22:13:09Z,Ryoichi77,ryoichi77,This War of Mine: The Little Ones,1398,82,"[Ps4\\ITA]Volete giocare alla guerra? Eccola, serata riflessiva. Goal follower 82/100 !comandi",it,it,,2016-04-23T18:12:08Z,2018-11-14T22:14:50Z,FALSE,FALSE
31242055088,Desktop,1,720,31.11111,0,2018-11-14T22:12:03Z,biel_01,biel_01,Fortnite,45,2,Fortnite NUBANDO...,en,pt-br,,2017-05-11T22:49:35Z,2018-11-14T22:12:25Z,FALSE,FALSE
31242052784,Fortnite,1,720,30,0,2018-11-14T22:11:51Z,Chunky805,chunky805,Overwatch,59,5,Hello :),en,en,,2015-07-23T20:55:26Z,2018-11-14T22:15:00Z,FALSE,FALSE
31242036432,,1,1080,30,0,2018-11-14T22:10:18Z,JAKEJANCOOK_,jakejancook_,IRL,5971,680,Please dont mention my size,en,en,,2015-06-24T11:13:25Z,2018-11-14T22:10:39Z,TRUE,FALSE
31241998912,,1,512,30,0,2018-11-14T22:06:57Z,sirmeh12,sirmeh12,Creative,0,0,test2,en,en,,2016-11-29T03:05:11Z,2018-11-14T22:06:47Z,FALSE,FALSE
31241983680,,1,1080,60,0,2018-11-14T22:05:35Z,mrnoobtastic,mrnoobtastic,Creative,7086,239,Let's see if I remember how to do this streaming thing !loots,en,en,,2014-04-26T01:38:41Z,2018-11-14T22:07:09Z,TRUE,FALSE
31241974576,,1,720,29.644268,0,2018-11-14T22:04:45Z,dsniv806,dsniv806,IRL,33,6,Help,en,en,,2018-03-12T20:50:10Z,2018-11-14T22:05:33Z,FALSE,FALSE
31241958096,,1,720,60,0,2018-11-14T22:03:11Z,RogueMarines,roguemarines,Creative,4197,235,"Paracord Handle making, Games and Raising Money for Vet families for thanksgiving meals.",en,en,,2015-02-16T05:33:59Z,2018-11-14T22:03:04Z,TRUE,FALSE
31241944064,,1,576,30,0,2018-11-14T22:02:02Z,forextechmagazine,forextechmagazine,IRL,475,23,$100 to $100K ?,en,en,,2018-09-22T21:17:35Z,2018-11-14T22:01:59Z,TRUE,FALSE
31241944064,,1,576,30,0,2018-11-14T22:02:02Z,forextechmagazine,forextechmagazine,IRL,475,23,$100 to $100K ?,en,en,,2018-09-22T21:17:35Z,2018-11-14T22:01:59Z,TRUE,FALSE
31241944064,,1,576,30,0,2018-11-14T22:02:02Z,forextechmagazine,forextechmagazine,IRL,475,23,$100 to $100K ?,en,en,,2018-09-22T21:17:35Z,2018-11-14T22:01:59Z,TRUE,FALSE
31241944064,,1,576,30,0,2018-11-14T22:02:02Z,forextechmagazine,forextechmagazine,IRL,475,23,$100 to $100K ?,en,en,,2018-09-22T21:17:35Z,2018-11-14T22:01:59Z,TRUE,FALSE
31241939264,,1,720,30,0,2018-11-14T22:01:38Z,atlanta_,atlanta_,IRL,1172,19,im back to take over | Follow @turnstonesports on Socials!,en,en,,2016-04-13T17:34:23Z,2018-11-14T22:06:42Z,FALSE,FALSE
31241923680,,1,1080,60,0,2018-11-14T22:00:25Z,MeaningOfLines,meaningoflines,Creative,675,14,Modelado de personajes para impresiÌ_n 3D. Drizzt Do Urden.,es,es,,2015-04-16T19:31:30Z,2018-11-14T22:05:13Z,FALSE,FALSE
31241899536,,1,1080,30,0,2018-11-14T21:58:21Z,fVAnya,fvanya,IRL,328,1,Test,other,ru,,2017-02-26T10:30:37Z,2018-11-14T22:04:53Z,TRUE,FALSE
31241889120,,1,720,30,0,2018-11-14T21:57:26Z,avvet_,avvet_,Creative,153,4,Let's Draw: Color Practice (11/14),en,en,,2015-08-16T23:40:06Z,2018-11-14T22:05:52Z,FALSE,FALSE
31241741984,,1,1080,60,0,2018-11-14T21:43:48Z,silberein,silberein,Creative,812,83,Chilling,en,en,,2016-02-08T14:16:02Z,2018-11-14T22:05:27Z,FALSE,FALSE
31241641936,,1,540,30,0,2018-11-14T21:34:40Z,KayBit,kaybit,Creative,471,57,just doing some stuff,en,en,,2013-10-07T01:19:08Z,2018-11-14T21:33:24Z,TRUE,FALSE
31241479408,,1,720,30.005455,0,2018-11-14T21:19:47Z,’ÎÓ“_µÂ,rlarndwjs01,IRL,38,4,“÷_‘_ã“ÝÎ“_÷ ‘¡¡“_÷‘Ê,ko,ko,,2018-01-22T18:37:03Z,2018-11-14T21:23:39Z,FALSE,FALSE
31241479408,,1,720,30.005455,0,2018-11-14T21:19:47Z,’ÎÓ“_µÂ,rlarndwjs01,IRL,38,4,“÷_‘_ã“ÝÎ“_÷ ‘¡¡“_÷‘Ê,ko,ko,,2018-01-22T18:37:03Z,2018-11-14T21:23:39Z,FALSE,FALSE
31241479408,,1,720,30.005455,0,2018-11-14T21:19:47Z,’ÎÓ“_µÂ,rlarndwjs01,IRL,38,4,“÷_‘_ã“ÝÎ“_÷ ‘¡¡“_÷‘Ê,ko,ko,,2018-01-22T18:37:03Z,2018-11-14T21:23:39Z,FALSE,FALSE
31241479408,,1,720,30.005455,0,2018-11-14T21:19:47Z,’ÎÓ“_µÂ,rlarndwjs01,IRL,38,4,“÷_‘_ã“ÝÎ“_÷ ‘¡¡“_÷‘Ê,ko,ko,,2018-01-22T18:37:03Z,2018-11-14T21:23:39Z,FALSE,FALSE
31241461392,,1,1080,60,0,2018-11-14T21:18:03Z,4rthurSoaresTV,4rthursoarestv,IRL,1073,155,DUO DAS PLAYS,pt,en,,2018-10-14T03:05:42Z,2018-11-14T22:05:50Z,TRUE,FALSE
31241346000,Counter-Strike: Global Offensive,1,1080,60,0,2018-11-14T21:07:38Z,x0oma,x0oma,Dota 2,1176,26,_Ò_¥__÷_ª __ _Á_¢_Ê_÷_Ï_¥_Ê_¥,ru,ru,,2016-10-16T12:50:41Z,2018-11-14T22:10:42Z,FALSE,FALSE
31241235792,,1,480,30,0,2018-11-14T20:58:22Z,XAVIERCATON,xaviercaton,IRL,1428,110,"BIENVENUE SUR MON LIVEDE EURO TRUCK SIMULATOR 2",fr,fr,,2015-09-12T15:30:24Z,2018-11-14T14:58:26Z,FALSE,FALSE
31241182672,Fallout 76,1,720,60,0,2018-11-14T20:53:40Z,JustM0ka,justm0ka,Fortnite,623,19,back to fortnite baby,fr,fr,,2013-09-08T17:43:56Z,2018-11-14T22:10:23Z,FALSE,FALSE
31241131632,Counter-Strike: Global Offensive,1,720,60,0,2018-11-14T20:49:03Z,adam_edgar,adam_edgar,Garry's Mod,252,10,GMOD with all the boys,en,en-gb,,2012-12-02T20:20:25Z,2018-11-14T22:02:46Z,FALSE,FALSE
31241046608,,1,720,60.02401,0,2018-11-14T20:41:23Z,cuteavalanche,cuteavalanche,IRL,3803,95,KittenCam LA livestream powered by MobCrush.com #FloofTroop,en,en,,2018-01-19T06:14:55Z,2018-11-14T21:03:04Z,FALSE,FALSE
31240984736,osu!,1,720,30,0,2018-11-14T20:35:53Z,WakudaKatze,wakudakatze,Enter the Gungeon,179,11,Enter the Gungeon: Quest for the Bullet,en,en,,2017-05-21T01:20:57Z,2018-11-14T22:19:34Z,FALSE,FALSE
31240553024,,1,1050,60,0,2018-11-14T19:59:42Z,beardly_arts,beardly_arts,Creative,314,46,Draw with Beardly - Folktale Week 2018 - Witch,en,en,,2016-05-27T01:22:11Z,2018-11-14T22:07:32Z,TRUE,FALSE
31240539696,,1,720,30,0,2018-11-14T19:58:40Z,FoxpirateAce,foxpirateace,Creative,1496,48,Under my rock,en,en,,2015-09-03T19:42:00Z,2018-11-14T20:06:51Z,FALSE,FALSE
31240465648,NHL 19,1,1080,48,0,2018-11-14T19:52:25Z,RIBBYXD,ribbyxd,Fortnite,4219,292,HELP ME REACH 300 FOLLOWERS!!! #GIVEAWAY,en,en,,2016-07-11T21:51:30Z,2018-11-14T22:16:04Z,FALSE,FALSE
31240256192,,1,1080,30,0,2018-11-14T19:33:51Z,Seljdon,seljdon,IRL,7182,368,MOVIE TIME,en,en,,2015-08-09T19:42:37Z,2018-11-14T22:09:28Z,TRUE,FALSE
31240053664,Just Chatting,1,720,60,0,2018-11-14T19:16:04Z,SorSoraha,sorsoraha,Overwatch,374,7,Trying to Get Gud Part 40 || Console Ana Main,en,de,,2015-01-31T17:28:46Z,2018-11-14T22:18:16Z,TRUE,FALSE
31239680832,PokÌ©mon Omega Ruby/Alpha Sapphire,1,720,60,0,2018-11-14T18:45:33Z,ŒöÛŒ¡¼‹Ä¢Šü_ö»,dream_dream,Final Fantasy VII,99,14,Final fantasy untill bed time,en,en,,2017-01-23T22:15:09Z,2018-11-14T21:42:41Z,TRUE,FALSE
31239558672,Destiny 2,1,720,30,0,2018-11-14T18:34:57Z,slimenator,slimenator,Rocket League,9533,170,Ich bin voll der Auto!  åø\_(‹Äã)_/åø  !sounds,de,de,,2013-05-15T19:57:16Z,2018-11-14T21:35:03Z,TRUE,FALSE
31239460832,Call of Dutyå¨: Black Ops 4,1,720,29.985008,0,2018-11-14T18:26:32Z,jjjjjjjull,jjjjjjjull,,113,1,dark matter grind,es,es,,2017-05-29T18:43:37Z,2018-11-14T22:04:52Z,TRUE,FALSE
31238885312,,1,720,30,0,2018-11-14T17:36:13Z,PapaGimp55,papagimp55,IRL,6698,264,Just a test for a new bot,en,en,,2013-04-19T00:26:09Z,2018-11-14T17:48:26Z,TRUE,FALSE
31238288688,,1,720,30,0,2018-11-14T16:40:21Z,Seosia,seosia,Creative,1122,109,[KR]“Ý_’ö¡ “±ã“Ää“_Ô!(“Ð«“ÜÏ) ’´“Ð_‘_‘ÓÓ“÷_ (å«‹ÄÈìä‹ÄÈ`),ko,ko,,2017-01-14T04:35:03Z,2018-11-14T21:32:44Z,FALSE,FALSE
31238204208,,1,768,30,0,2018-11-14T16:31:40Z,faxanduu,faxanduu,IRL,85,3,Bun Cam,en,en,,2018-10-16T13:41:53Z,2018-11-14T22:03:55Z,FALSE,FALSE
31235473696,,1,720,30,0,2018-11-14T09:59:22Z,ORDcomics,ordcomics,Creative,853,32,Doodlin',en,en,,2017-04-05T06:32:50Z,2018-11-14T22:03:22Z,FALSE,FALSE
31242114864,Art,1,1080,60,0,2018-11-14T22:17:28Z,AmbassadorXB,ambassadorxb,The Jackbox Party Pack 5,24029,370,(Xbox One/EN) A fallen streamer making a comeback with Jackbox 5. (13+ Stream),en,,,2016-06-29T21:56:35Z,2018-11-14T22:18:22Z,TRUE,FALSE
31242114864,Art,0,1080,60,0,2018-11-14T22:17:28Z,AmbassadorXB,ambassadorxb,The Jackbox Party Pack 5,24029,370,(Xbox One/EN) A fallen streamer making a comeback with Jackbox 5. (13+ Stream),en,en,,2016-06-29T21:56:35Z,2018-11-14T22:18:22Z,TRUE,FALSE
31242137840,League of Legends,0,0,0,0,2018-11-14T22:19:41Z,hikkitani,hikkitani,Just Chatting,9632,144,____ü___µ. Fate Unlimited Blade Works 1-12,ru,,,2016-07-06T10:35:38Z,2018-11-14T22:19:40Z,FALSE,FALSE
31242137840,League of Legends,0,0,0,0,2018-11-14T22:19:41Z,hikkitani,hikkitani,Just Chatting,9632,144,____ü___µ. Fate Unlimited Blade Works 1-12,ru,,,2016-07-06T10:35:38Z,2018-11-14T22:19:40Z,FALSE,FALSE
31242137840,League of Legends,0,0,0,0,2018-11-14T22:19:41Z,hikkitani,hikkitani,Just Chatting,9632,144,____ü___µ. Fate Unlimited Blade Works 1-12,ru,,,2016-07-06T10:35:38Z,2018-11-14T22:19:40Z,FALSE,FALSE
31242137840,League of Legends,0,0,0,0,2018-11-14T22:19:41Z,hikkitani,hikkitani,Just Chatting,9632,144,____ü___µ. Fate Unlimited Blade Works 1-12,ru,,,2016-07-06T10:35:38Z,2018-11-14T22:19:40Z,FALSE,FALSE
31242135312,Tom Clancy's Rainbow Sixå¨ Siege,0,720,0,0,2018-11-14T22:19:26Z,instantviewersgaming,instantviewersgaming,The Forest,32,1,FR/PS4 Bonjour ÌÊ tous et ÌÊ toute dÌ©butant besoin de conseil.,fr,fr,,2018-11-11T22:34:45Z,2018-11-14T22:19:26Z,TRUE,FALSE
31242120288,FIFA 18,0,480,29.97003,0,2018-11-14T22:17:58Z,eeizy,eeizy,Fortnite,95,30,‰_ÏSO BALA‰_Ï,en,pt,,2018-10-15T21:19:17Z,2018-11-14T22:17:52Z,FALSE,FALSE
31242120080,Real Lives,0,1080,60,0,2018-11-14T22:17:57Z,HashtagLapin,hashtaglapin,League of Legends,65,5,Petit Live chill,fr,,,2017-09-24T19:26:22Z,2018-11-14T22:19:12Z,FALSE,FALSE
31242118560,Fortnite,0,540,29.955067,0,2018-11-14T22:17:49Z,themanfredo4556,themanfredo4556,,0,0,,en,,,2018-07-28T01:58:13Z,2018-11-14T22:17:58Z,FALSE,FALSE
31242118288,,0,1080,0,0,2018-11-14T22:17:48Z,jackcc,jackcc,Red Dead Redemption 2,27,1,test,en,en,,2012-10-20T23:19:13Z,2018-11-14T22:17:48Z,FALSE,FALSE
31242123824,Fortnite,0,540,29.955067,0,2018-11-14T22:18:19Z,cambrinbradley,cambrinbradley,,0,0,,en,,,2018-11-14T22:17:06Z,2018-11-14T22:18:29Z,FALSE,FALSE
31242123328,The Jackbox Party Pack 4,0,720,29.955067,0,2018-11-14T22:18:14Z,Icuppn3412,icuppn3412,DOOM,1663,41,Knee deep in the dead,en,,,2013-02-12T20:53:07Z,2018-11-14T22:19:17Z,FALSE,FALSE
31242123328,The Jackbox Party Pack 4,0,720,29.955067,0,2018-11-14T22:18:14Z,Icuppn3412,icuppn3412,DOOM,1663,41,Knee deep in the dead,en,,,2013-02-12T20:53:07Z,2018-11-14T22:19:17Z,FALSE,FALSE
31242122944,,0,960,0,0,2018-11-14T22:18:13Z,diosjervon808,diosjervon808,IRL,0,0,Watch me play PUBG,en,en,,2018-09-06T23:59:28Z,2018-11-04T19:59:49Z,FALSE,FALSE
31242122944,,0,960,0,0,2018-11-14T22:18:13Z,diosjervon808,diosjervon808,IRL,0,0,Watch me play PUBG,en,en,,2018-09-06T23:59:28Z,2018-11-04T19:59:49Z,FALSE,FALSE
31242122944,,0,960,0,0,2018-11-14T22:18:13Z,diosjervon808,diosjervon808,IRL,0,0,Watch me play PUBG,en,en,,2018-09-06T23:59:28Z,2018-11-04T19:59:49Z,FALSE,FALSE
31242122464,Red Dead Redemption 2,0,720,59.94006,0,2018-11-14T22:18:10Z,flaexman,flaexman,,6,1,,en,,,2018-11-14T17:39:39Z,2018-11-14T22:18:18Z,FALSE,FALSE
31242122464,Red Dead Redemption 2,0,720,59.94006,0,2018-11-14T22:18:10Z,flaexman,flaexman,,6,1,,en,,,2018-11-14T17:39:39Z,2018-11-14T22:18:18Z,FALSE,FALSE
31242122464,Red Dead Redemption 2,0,720,59.94006,0,2018-11-14T22:18:10Z,flaexman,flaexman,,6,1,,en,,,2018-11-14T17:39:39Z,2018-11-14T22:18:18Z,FALSE,FALSE
31242122416,Call of Duty: Black Ops III,0,720,29.985008,0,2018-11-14T22:18:09Z,Josh_o_c99,josh_o_c99,Call of Dutyå¨: Black Ops 4,0,0,Zombies- 'IX' Going for Round 50,en,,,2014-07-28T20:06:56Z,2018-11-14T22:19:28Z,FALSE,FALSE
31242122416,Call of Duty: Black Ops III,0,720,29.985008,0,2018-11-14T22:18:09Z,Josh_o_c99,josh_o_c99,Call of Dutyå¨: Black Ops 4,0,0,Zombies- 'IX' Going for Round 50,en,,,2014-07-28T20:06:56Z,2018-11-14T22:19:28Z,FALSE,FALSE
31242122416,Call of Duty: Black Ops III,0,720,29.985008,0,2018-11-14T22:18:09Z,Josh_o_c99,josh_o_c99,Call of Dutyå¨: Black Ops 4,0,0,Zombies- 'IX' Going for Round 50,en,,,2014-07-28T20:06:56Z,2018-11-14T22:19:28Z,FALSE,FALSE
31242122336,Legend of Grimrock 2,0,720,60,0,2018-11-14T22:18:09Z,dpeci,dpeci,Rocket League,66,3,aye,en,,,2016-01-18T01:34:41Z,2018-11-14T22:19:47Z,FALSE,FALSE
31242122336,Legend of Grimrock 2,0,720,60,0,2018-11-14T22:18:09Z,dpeci,dpeci,Rocket League,66,3,aye,en,,,2016-01-18T01:34:41Z,2018-11-14T22:19:47Z,FALSE,FALSE
31242122336,Legend of Grimrock 2,0,720,60,0,2018-11-14T22:18:09Z,dpeci,dpeci,Rocket League,66,3,aye,en,,,2016-01-18T01:34:41Z,2018-11-14T22:19:47Z,FALSE,FALSE
31242122944,,0,960,0,0,2018-11-14T22:18:13Z,diosjervon808,diosjervon808,IRL,0,0,Watch me play PUBG,en,en,,2018-09-06T23:59:28Z,2018-11-04T19:59:49Z,FALSE,FALSE
31242122944,,0,960,0,0,2018-11-14T22:18:13Z,diosjervon808,diosjervon808,IRL,0,0,Watch me play PUBG,en,en,,2018-09-06T23:59:28Z,2018-11-04T19:59:49Z,FALSE,FALSE
31242122944,,0,960,0,0,2018-11-14T22:18:13Z,diosjervon808,diosjervon808,IRL,0,0,Watch me play PUBG,en,en,,2018-09-06T23:59:28Z,2018-11-04T19:59:49Z,FALSE,FALSE
31242122464,Red Dead Redemption 2,0,720,59.94006,0,2018-11-14T22:18:10Z,flaexman,flaexman,,6,1,,en,,,2018-11-14T17:39:39Z,2018-11-14T22:18:18Z,FALSE,FALSE
31242122464,Red Dead Redemption 2,0,720,59.94006,0,2018-11-14T22:18:10Z,flaexman,flaexman,,6,1,,en,,,2018-11-14T17:39:39Z,2018-11-14T22:18:18Z,FALSE,FALSE
31242122464,Red Dead Redemption 2,0,720,59.94006,0,2018-11-14T22:18:10Z,flaexman,flaexman,,6,1,,en,,,2018-11-14T17:39:39Z,2018-11-14T22:18:18Z,FALSE,FALSE
31242122416,Call of Duty: Black Ops III,0,720,29.985008,0,2018-11-14T22:18:09Z,Josh_o_c99,josh_o_c99,Call of Dutyå¨: Black Ops 4,0,0,Zombies- 'IX' Going for Round 50,en,en-gb,,2014-07-28T20:06:56Z,2018-11-14T22:19:28Z,FALSE,FALSE
31242122416,Call of Duty: Black Ops III,0,720,29.985008,0,2018-11-14T22:18:09Z,Josh_o_c99,josh_o_c99,Call of Dutyå¨: Black Ops 4,0,0,Zombies- 'IX' Going for Round 50,en,en-gb,,2014-07-28T20:06:56Z,2018-11-14T22:19:28Z,FALSE,FALSE
31242122416,Call of Duty: Black Ops III,0,720,29.985008,0,2018-11-14T22:18:09Z,Josh_o_c99,josh_o_c99,Call of Dutyå¨: Black Ops 4,0,0,Zombies- 'IX' Going for Round 50,en,en-gb,,2014-07-28T20:06:56Z,2018-11-14T22:19:28Z,FALSE,FALSE
31242122336,Legend of Grimrock 2,0,720,60,0,2018-11-14T22:18:09Z,dpeci,dpeci,Rocket League,66,3,aye,en,,,2016-01-18T01:34:41Z,2018-11-14T22:19:47Z,FALSE,FALSE
31242122336,Legend of Grimrock 2,0,720,60,0,2018-11-14T22:18:09Z,dpeci,dpeci,Rocket League,66,3,aye,en,,,2016-01-18T01:34:41Z,2018-11-14T22:19:47Z,FALSE,FALSE
31242122336,Legend of Grimrock 2,0,720,60,0,2018-11-14T22:18:09Z,dpeci,dpeci,Rocket League,66,3,aye,en,,,2016-01-18T01:34:41Z,2018-11-14T22:19:47Z,FALSE,FALSE
31242121936,Desktop,0,720,60,0,2018-11-14T22:18:06Z,J7Kishu,j7kishu,,1,0,,en,,,2018-11-01T17:59:12Z,2018-11-14T22:18:15Z,FALSE,FALSE
31242121936,Desktop,0,720,60,0,2018-11-14T22:18:06Z,J7Kishu,j7kishu,,1,0,,en,,,2018-11-01T17:59:12Z,2018-11-14T22:18:15Z,FALSE,FALSE
31242123328,The Jackbox Party Pack 4,0,720,29.955067,0,2018-11-14T22:18:14Z,Icuppn3412,icuppn3412,DOOM,1663,41,Knee deep in the dead,en,,,2013-02-12T20:53:07Z,2018-11-14T22:19:17Z,FALSE,FALSE
31242123328,The Jackbox Party Pack 4,0,720,29.955067,0,2018-11-14T22:18:14Z,Icuppn3412,icuppn3412,DOOM,1663,41,Knee deep in the dead,en,,,2013-02-12T20:53:07Z,2018-11-14T22:19:17Z,FALSE,FALSE
31242122944,,0,960,0,0,2018-11-14T22:18:13Z,diosjervon808,diosjervon808,IRL,0,0,Watch me play PUBG,en,en,,2018-09-06T23:59:28Z,2018-11-04T19:59:49Z,FALSE,FALSE
31242122944,,0,960,0,0,2018-11-14T22:18:13Z,diosjervon808,diosjervon808,IRL,0,0,Watch me play PUBG,en,en,,2018-09-06T23:59:28Z,2018-11-04T19:59:49Z,FALSE,FALSE
31242122944,,0,960,0,0,2018-11-14T22:18:13Z,diosjervon808,diosjervon808,IRL,0,0,Watch me play PUBG,en,en,,2018-09-06T23:59:28Z,2018-11-04T19:59:49Z,FALSE,FALSE
31242122464,Red Dead Redemption 2,0,720,59.94006,0,2018-11-14T22:18:10Z,flaexman,flaexman,,6,1,,en,,,2018-11-14T17:39:39Z,2018-11-14T22:18:18Z,FALSE,FALSE
31242122464,Red Dead Redemption 2,0,720,59.94006,0,2018-11-14T22:18:10Z,flaexman,flaexman,,6,1,,en,,,2018-11-14T17:39:39Z,2018-11-14T22:18:18Z,FALSE,FALSE
31242122464,Red Dead Redemption 2,0,720,59.94006,0,2018-11-14T22:18:10Z,flaexman,flaexman,,6,1,,en,,,2018-11-14T17:39:39Z,2018-11-14T22:18:18Z,FALSE,FALSE
31242122416,Call of Duty: Black Ops III,0,720,29.985008,0,2018-11-14T22:18:09Z,Josh_o_c99,josh_o_c99,Call of Dutyå¨: Black Ops 4,0,0,Zombies- 'IX' Going for Round 50,en,en-gb,,2014-07-28T20:06:56Z,2018-11-14T22:19:28Z,FALSE,FALSE
31242122416,Call of Duty: Black Ops III,0,720,29.985008,0,2018-11-14T22:18:09Z,Josh_o_c99,josh_o_c99,Call of Dutyå¨: Black Ops 4,0,0,Zombies- 'IX' Going for Round 50,en,en-gb,,2014-07-28T20:06:56Z,2018-11-14T22:19:28Z,FALSE,FALSE
31242122416,Call of Duty: Black Ops III,0,720,29.985008,0,2018-11-14T22:18:09Z,Josh_o_c99,josh_o_c99,Call of Dutyå¨: Black Ops 4,0,0,Zombies- 'IX' Going for Round 50,en,en-gb,,2014-07-28T20:06:56Z,2018-11-14T22:19:28Z,FALSE,FALSE
31242122336,Legend of Grimrock 2,0,720,60,0,2018-11-14T22:18:09Z,dpeci,dpeci,Rocket League,66,3,aye,en,,,2016-01-18T01:34:41Z,2018-11-14T22:19:47Z,FALSE,FALSE
31242122336,Legend of Grimrock 2,0,720,60,0,2018-11-14T22:18:09Z,dpeci,dpeci,Rocket League,66,3,aye,en,,,2016-01-18T01:34:41Z,2018-11-14T22:19:47Z,FALSE,FALSE
31242122336,Legend of Grimrock 2,0,720,60,0,2018-11-14T22:18:09Z,dpeci,dpeci,Rocket League,66,3,aye,en,,,2016-01-18T01:34:41Z,2018-11-14T22:19:47Z,FALSE,FALSE
31242121936,Desktop,0,720,60,0,2018-11-14T22:18:06Z,J7Kishu,j7kishu,,1,0,,en,,,2018-11-01T17:59:12Z,2018-11-14T22:18:15Z,FALSE,FALSE
31242121936,Desktop,0,720,60,0,2018-11-14T22:18:06Z,J7Kishu,j7kishu,,1,0,,en,,,2018-11-01T17:59:12Z,2018-11-14T22:18:15Z,FALSE,FALSE
31242114864,Art,0,1080,60,0,2018-11-14T22:17:28Z,AmbassadorXB,ambassadorxb,The Jackbox Party Pack 5,24029,370,(Xbox One/EN) A fallen streamer making a comeback with Jackbox 5. (13+ Stream),en,,,2016-06-29T21:56:35Z,2018-11-14T22:18:22Z,TRUE,FALSE
31242114096,FIFA 19,0,720,59.970016,0,2018-11-14T22:17:24Z,Official_Cengiz1709,official_cengiz1709,Call of Dutyå¨: Black Ops III,26,3,FIFA 19 :SCHÌÐNER ABEND STREAM SQUAD BATTELS GRINDEN + TRADING_Ù÷±_Ù÷_ÙÓ´,de,de,,2018-11-08T13:19:40Z,2018-11-14T22:18:32Z,FALSE,FALSE
31242113552,Fortnite,0,540,29.985008,0,2018-11-14T22:17:21Z,123guilherme123guilherme,123guilherme123guilherme,,0,0,,en,pt-br,,2018-11-14T21:51:17Z,2018-11-14T22:17:30Z,FALSE,FALSE
31242113552,Fortnite,0,540,29.97003,0,2018-11-14T22:17:21Z,123guilherme123guilherme,123guilherme123guilherme,,0,0,,en,pt-br,,2018-11-14T21:51:17Z,2018-11-14T22:17:30Z,FALSE,FALSE
31242113136,Red Dead Redemption 2,0,1080,29.985008,0,2018-11-14T22:17:19Z,Tr3y_420,tr3y_420,Call of Dutyå¨: Advanced Warfare,0,0,its that southernplayeristiccaddilafunkmuzic,en,,,2014-05-17T04:56:17Z,2018-11-14T22:17:30Z,FALSE,FALSE
31242113136,Red Dead Redemption 2,0,1080,29.955067,0,2018-11-14T22:17:19Z,Tr3y_420,tr3y_420,Call of Dutyå¨: Advanced Warfare,0,0,its that southernplayeristiccaddilafunkmuzic,en,,,2014-05-17T04:56:17Z,2018-11-14T22:17:30Z,FALSE,FALSE
31242114096,FIFA 19,0,720,59.970016,0,2018-11-14T22:17:24Z,Official_Cengiz1709,official_cengiz1709,Call of Dutyå¨: Black Ops III,26,3,FIFA 19 :SCHÌÐNER ABEND STREAM SQUAD BATTELS GRINDEN + TRADING_Ù÷±_Ù÷_ÙÓ´,de,de,,2018-11-08T13:19:40Z,2018-11-14T22:18:32Z,FALSE,FALSE
31242113552,Fortnite,0,540,29.985008,0,2018-11-14T22:17:21Z,123guilherme123guilherme,123guilherme123guilherme,,0,0,,en,pt-br,,2018-11-14T21:51:17Z,2018-11-14T22:17:30Z,FALSE,FALSE
31242113552,Fortnite,0,540,29.97003,0,2018-11-14T22:17:21Z,123guilherme123guilherme,123guilherme123guilherme,,0,0,,en,pt-br,,2018-11-14T21:51:17Z,2018-11-14T22:17:30Z,FALSE,FALSE
31242113136,Red Dead Redemption 2,0,1080,29.985008,0,2018-11-14T22:17:19Z,Tr3y_420,tr3y_420,Call of Dutyå¨: Advanced Warfare,0,0,its that southernplayeristiccaddilafunkmuzic,en,en,,2014-05-17T04:56:17Z,2018-11-14T22:17:30Z,FALSE,FALSE
31242113136,Red Dead Redemption 2,0,1080,29.955067,0,2018-11-14T22:17:19Z,Tr3y_420,tr3y_420,Call of Dutyå¨: Advanced Warfare,0,0,its that southernplayeristiccaddilafunkmuzic,en,en,,2014-05-17T04:56:17Z,2018-11-14T22:17:30Z,FALSE,FALSE
31242112912,Red Dead Redemption 2,0,540,29.985008,0,2018-11-14T22:17:18Z,darrreck,darrreck,,2,0,Just for Jurnee,en,en,,2016-11-16T01:23:54Z,2018-11-14T22:19:32Z,FALSE,FALSE
31242112464,Fortnite,0,540,29.97003,0,2018-11-14T22:17:15Z,sketchawoo,sketchawoo,,0,0,,en,en,,2018-06-16T02:17:59Z,2018-11-14T22:17:26Z,FALSE,FALSE
31242112464,Fortnite,0,540,29.97003,0,2018-11-14T22:17:15Z,sketchawoo,sketchawoo,,0,0,,en,en,,2018-06-16T02:17:59Z,2018-11-14T22:17:26Z,FALSE,FALSE
31242112464,Fortnite,0,540,29.97003,0,2018-11-14T22:17:15Z,sketchawoo,sketchawoo,,0,0,,en,en,,2018-06-16T02:17:59Z,2018-11-14T22:17:26Z,FALSE,FALSE
31242112464,Fortnite,0,540,29.97003,0,2018-11-14T22:17:15Z,sketchawoo,sketchawoo,,0,0,,en,en,,2018-06-16T02:17:59Z,2018-11-14T22:17:26Z,FALSE,FALSE
31242104560,,0,720,60,0,2018-11-14T22:16:34Z,kingsheepie31,kingsheepie31,IRL,3,2,Fortnite,en,en,,2018-08-03T02:33:48Z,2018-11-14T22:16:45Z,FALSE,FALSE
31242103840,Fortnite,0,1080,60,0,2018-11-14T22:16:31Z,ReyraTV,reyratv,Rocket League,535,34,[FR/PS4]#RocketGrind,fr,fr,,2017-10-24T21:41:43Z,2018-11-14T22:19:17Z,TRUE,FALSE
31242087616,Just Chatting,0,720,60,0,2018-11-14T22:15:00Z,jonnytalkz,jonnytalkz,Fallout 76,170,7,Reclaimation Day!,en,en,,2018-01-11T20:14:25Z,2018-11-14T22:19:15Z,FALSE,FALSE
31242087616,Just Chatting,0,720,60,0,2018-11-14T22:15:00Z,jonnytalkz,jonnytalkz,Fallout 76,170,7,Reclaimation Day!,en,en,,2018-01-11T20:14:25Z,2018-11-14T22:19:15Z,FALSE,FALSE
31242087616,Just Chatting,0,720,60,0,2018-11-14T22:15:00Z,jonnytalkz,jonnytalkz,Fallout 76,170,7,Reclaimation Day!,en,en,,2018-01-11T20:14:25Z,2018-11-14T22:19:15Z,FALSE,FALSE
31242087616,Just Chatting,0,720,60,0,2018-11-14T22:15:00Z,jonnytalkz,jonnytalkz,Fallout 76,170,7,Reclaimation Day!,en,en,,2018-01-11T20:14:25Z,2018-11-14T22:19:15Z,FALSE,FALSE
31242071392,,0,540,29.975021,0,2018-11-14T22:13:29Z,FNTSYsportsnetwork,fntsysportsnetwork,IRL,7247,197,"DFS Dish: Week 10 Recaps, Week 11 Projections, Stacks, and Fades | DailyRoto Ep 12",en,en,,2018-01-08T16:43:53Z,2018-11-14T21:41:49Z,FALSE,FALSE
31242059808,Fortnite,0,720,29.985008,0,2018-11-14T22:12:27Z,waggishpuma3238,waggishpuma3238,,0,0,,en,en,,2018-11-14T22:08:59Z,2018-11-14T22:12:37Z,FALSE,FALSE
31242041056,,0,1080,60,0,2018-11-14T22:10:42Z,DylanMeeble,dylanmeeble,Creative,4348,94,Unreal Engine - We doing things #gamedev,en,en,,2011-02-06T19:57:20Z,2018-11-14T22:05:37Z,FALSE,FALSE
31242041056,,0,1080,60,0,2018-11-14T22:10:42Z,DylanMeeble,dylanmeeble,Creative,4348,94,Unreal Engine - We doing things #gamedev,en,en,,2011-02-06T19:57:20Z,2018-11-14T22:05:37Z,FALSE,FALSE
31242041056,,0,1080,60,0,2018-11-14T22:10:42Z,DylanMeeble,dylanmeeble,Creative,4348,94,Unreal Engine - We doing things #gamedev,en,en,,2011-02-06T19:57:20Z,2018-11-14T22:05:37Z,FALSE,FALSE
31242041056,,0,1080,60,0,2018-11-14T22:10:42Z,DylanMeeble,dylanmeeble,Creative,4348,94,Unreal Engine - We doing things #gamedev,en,en,,2011-02-06T19:57:20Z,2018-11-14T22:05:37Z,FALSE,FALSE
31242032768,,0,1080,60,0,2018-11-14T22:09:58Z,madspooky,madspooky,Creative,1864,77,working on video for frands,en,en,,2016-03-23T05:17:33Z,2018-11-14T22:09:56Z,FALSE,FALSE
31241984336,,0,616,60,0,2018-11-14T22:05:38Z,risefallen123,risefallen123,IRL,184,0,"Over 100,000 ppl have gotten eternal life lets reach 1 million! Thanks to my mother a doctor.",en,en,,2017-05-28T23:01:00Z,2018-11-14T21:05:06Z,FALSE,FALSE
31241911424,,0,1080,60,0,2018-11-14T21:59:26Z,CromAr84,cromar84,IRL,345,4,Ein Noob auf Abwegen - CromAr84,de,de,,2011-08-21T21:06:54Z,2018-11-14T21:59:23Z,FALSE,FALSE
31241910960,,0,720,30,0,2018-11-14T21:59:23Z,StevotheHuman,stevothehuman,Creative,1951,117,NaNoWriMo Day 13: There Is No Time. Your Sword Is Enough.,en,en,,2013-03-01T06:37:02Z,2018-11-13T21:57:54Z,TRUE,FALSE
31241887840,,0,720,19.86755,0,2018-11-14T21:57:21Z,kingkongalienjupiter,kingkongalienjupiter,IRL,565,7,Clash of war,en,en,,2017-06-17T08:21:34Z,2018-11-14T21:57:18Z,FALSE,FALSE
31241887840,,0,720,19.86755,0,2018-11-14T21:57:21Z,kingkongalienjupiter,kingkongalienjupiter,IRL,565,7,Clash of war,en,en,,2017-06-17T08:21:34Z,2018-11-14T21:57:18Z,FALSE,FALSE
31241887840,,0,720,19.86755,0,2018-11-14T21:57:21Z,kingkongalienjupiter,kingkongalienjupiter,IRL,565,7,Clash of war,en,en,,2017-06-17T08:21:34Z,2018-11-14T21:57:18Z,FALSE,FALSE
31241887840,,0,720,19.86755,0,2018-11-14T21:57:21Z,kingkongalienjupiter,kingkongalienjupiter,IRL,565,7,Clash of war,en,en,,2017-06-17T08:21:34Z,2018-11-14T21:57:18Z,FALSE,FALSE
31241825424,,0,1080,30.960741,0,2018-11-14T21:51:31Z,BrusnikaM1,brusnikam1,Creative,289,6,_Ï_¥_Ð_Ó_£___Ê___Ó__Ç_¥ _Ù_¥_Ê_¥_Ò___Õ___Ê_Ç,ru,ru,,2017-02-06T21:43:37Z,2018-11-14T21:15:33Z,FALSE,FALSE
31241715808,,0,540,30,0,2018-11-14T21:41:16Z,modafoka32,modafoka32,IRL,263,23,jogando joguinhos,pt,pt-br,,2017-07-10T00:52:22Z,2018-11-14T21:11:59Z,FALSE,FALSE
31241715808,,0,540,30,0,2018-11-14T21:41:16Z,modafoka32,modafoka32,IRL,263,23,jogando joguinhos,pt,pt-br,,2017-07-10T00:52:22Z,2018-11-14T21:11:59Z,FALSE,FALSE
31241715808,,0,540,30,0,2018-11-14T21:41:16Z,modafoka32,modafoka32,IRL,263,23,jogando joguinhos,pt,pt-br,,2017-07-10T00:52:22Z,2018-11-14T21:11:59Z,FALSE,FALSE
31241711968,,0,720,29.979675,0,2018-11-14T21:40:55Z,TrevorOverman,trevoroverman,IRL,81,0,Multidimensional Tokenization & Machine Learning | Higher-dimensional Algebra,en,en,,2017-08-03T01:52:34Z,2018-11-12T10:57:23Z,FALSE,FALSE
31241711968,,0,720,29.979675,0,2018-11-14T21:40:55Z,TrevorOverman,trevoroverman,IRL,81,0,Multidimensional Tokenization & Machine Learning | Higher-dimensional Algebra,en,en,,2017-08-03T01:52:34Z,2018-11-12T10:57:23Z,FALSE,FALSE
31241711968,,0,720,29.979675,0,2018-11-14T21:40:55Z,TrevorOverman,trevoroverman,IRL,81,0,Multidimensional Tokenization & Machine Learning | Higher-dimensional Algebra,en,en,,2017-08-03T01:52:34Z,2018-11-12T10:57:23Z,FALSE,FALSE
31241715808,,0,540,30,0,2018-11-14T21:41:16Z,modafoka32,modafoka32,IRL,263,23,jogando joguinhos,pt,pt-br,,2017-07-10T00:52:22Z,2018-11-14T21:11:59Z,FALSE,FALSE
31241715808,,0,540,30,0,2018-11-14T21:41:16Z,modafoka32,modafoka32,IRL,263,23,jogando joguinhos,pt,pt-br,,2017-07-10T00:52:22Z,2018-11-14T21:11:59Z,FALSE,FALSE
31241715808,,0,540,30,0,2018-11-14T21:41:16Z,modafoka32,modafoka32,IRL,263,23,jogando joguinhos,pt,pt-br,,2017-07-10T00:52:22Z,2018-11-14T21:11:59Z,FALSE,FALSE
31241711968,,0,720,29.979675,0,2018-11-14T21:40:55Z,TrevorOverman,trevoroverman,IRL,81,0,Multidimensional Tokenization & Machine Learning | Higher-dimensional Algebra,en,en,,2017-08-03T01:52:34Z,2018-11-12T10:57:23Z,FALSE,FALSE
31241711968,,0,720,29.979675,0,2018-11-14T21:40:55Z,TrevorOverman,trevoroverman,IRL,81,0,Multidimensional Tokenization & Machine Learning | Higher-dimensional Algebra,en,en,,2017-08-03T01:52:34Z,2018-11-12T10:57:23Z,FALSE,FALSE
31241711968,,0,720,29.979675,0,2018-11-14T21:40:55Z,TrevorOverman,trevoroverman,IRL,81,0,Multidimensional Tokenization & Machine Learning | Higher-dimensional Algebra,en,en,,2017-08-03T01:52:34Z,2018-11-12T10:57:23Z,FALSE,FALSE
31241715808,,0,540,30,0,2018-11-14T21:41:16Z,modafoka32,modafoka32,IRL,263,23,jogando joguinhos,pt,pt-br,,2017-07-10T00:52:22Z,2018-11-14T21:11:59Z,FALSE,FALSE
31241715808,,0,540,30,0,2018-11-14T21:41:16Z,modafoka32,modafoka32,IRL,263,23,jogando joguinhos,pt,pt-br,,2017-07-10T00:52:22Z,2018-11-14T21:11:59Z,FALSE,FALSE
31241715808,,0,540,30,0,2018-11-14T21:41:16Z,modafoka32,modafoka32,IRL,263,23,jogando joguinhos,pt,pt-br,,2017-07-10T00:52:22Z,2018-11-14T21:11:59Z,FALSE,FALSE
31241711968,,0,720,29.979675,0,2018-11-14T21:40:55Z,TrevorOverman,trevoroverman,IRL,81,0,Multidimensional Tokenization & Machine Learning | Higher-dimensional Algebra,en,en,,2017-08-03T01:52:34Z,2018-11-12T10:57:23Z,FALSE,FALSE
31241711968,,0,720,29.979675,0,2018-11-14T21:40:55Z,TrevorOverman,trevoroverman,IRL,81,0,Multidimensional Tokenization & Machine Learning | Higher-dimensional Algebra,en,en,,2017-08-03T01:52:34Z,2018-11-12T10:57:23Z,FALSE,FALSE
31241711968,,0,720,29.979675,0,2018-11-14T21:40:55Z,TrevorOverman,trevoroverman,IRL,81,0,Multidimensional Tokenization & Machine Learning | Higher-dimensional Algebra,en,en,,2017-08-03T01:52:34Z,2018-11-12T10:57:23Z,FALSE,FALSE
31241627504,,0,720,30.211481,0,2018-11-14T21:33:20Z,sh1nku0okami,sh1nku0okami,IRL,3174,173,8 year anniversary,en,en,,2016-10-15T03:37:33Z,2018-11-14T21:33:14Z,FALSE,FALSE
31241565920,,0,1080,30.10537,0,2018-11-14T21:27:53Z,Mango_IRL,mango_irl,IRL,4877,239,_ÙÓ«SOVER_ÙÓ«,da,da,,2015-02-16T18:57:19Z,2018-11-14T21:19:42Z,FALSE,FALSE
31241507312,,0,360,30,0,2018-11-14T21:22:24Z,ComanderO25,comandero25,Creative,1484,33,30 Day OC Challenge Sleeping Cavin,en,en,,2015-03-18T01:44:04Z,2018-11-14T20:37:04Z,FALSE,FALSE
31241507312,,0,360,30,0,2018-11-14T21:22:24Z,ComanderO25,comandero25,Creative,1484,33,30 Day OC Challenge Sleeping Cavin,en,en,,2015-03-18T01:44:04Z,2018-11-14T20:37:04Z,FALSE,FALSE
31241507312,,0,360,30,0,2018-11-14T21:22:24Z,ComanderO25,comandero25,Creative,1484,33,30 Day OC Challenge Sleeping Cavin,en,en,,2015-03-18T01:44:04Z,2018-11-14T20:37:04Z,FALSE,FALSE
31241507312,,0,360,30,0,2018-11-14T21:22:24Z,ComanderO25,comandero25,Creative,1484,33,30 Day OC Challenge Sleeping Cavin,en,en,,2015-03-18T01:44:04Z,2018-11-14T20:37:04Z,FALSE,FALSE
31241438624,,0,1080,23.979591,0,2018-11-14T21:15:55Z,FMOUT,fmout,IRL,2459,7,"FMOUT ONLINE RADIO, JOIN, IT'S FUN HERE. / FMOUT ____Ý__ª_ _Ê__Ó_÷__, _Ù_Ê_÷_Á___¥_Ó_÷__ø_ª_Á_ø, _Ñ_Ó_¥_Á_Â _Õ_¥_Á_¥_Ý__.",ru,ru,,2018-08-16T08:41:51Z,2018-11-13T19:45:31Z,FALSE,FALSE
31241322816,,0,1080,60.007595,0,2018-11-14T21:05:32Z,shaltupsthediscodancer,shaltupsthediscodancer,IRL,490,3,shaltupsthediscodancer's mobile stream,en,en,,2016-04-13T00:04:18Z,2018-11-13T13:13:54Z,FALSE,FALSE
31241220016,,0,720,30,0,2018-11-14T20:56:58Z,usveteran2011,usveteran2011,IRL,228,8,usveteran2011's mobile stream,en,en,,2018-03-09T07:41:48Z,2018-11-13T21:58:36Z,FALSE,FALSE
31241188656,NBA 2K19,0,540,29.985008,0,2018-11-14T20:54:14Z,EhhTrxpz,ehhtrxpz,,168,41,Grinding To 93//Subscribe Or Follow To Play//Grind To 50 Follows :),en,en,,2018-08-10T22:38:32Z,2018-11-14T22:19:54Z,FALSE,FALSE
31241104560,,0,720,60,0,2018-11-14T20:46:32Z,AlexxxVendetta,alexxxvendetta,IRL,2764,636,_ÙÀ•ü StreifenhÌ¦rnchen 3 - Marvel Part#03 Serien !,de,de,,2012-03-24T16:59:57Z,2018-11-14T21:35:31Z,FALSE,FALSE
31241104560,,0,720,60,0,2018-11-14T20:46:32Z,AlexxxVendetta,alexxxvendetta,IRL,2764,636,_ÙÀ•ü StreifenhÌ¦rnchen 3 - Marvel Part#03 Serien !,de,de,,2012-03-24T16:59:57Z,2018-11-14T21:35:31Z,FALSE,FALSE
31241104560,,0,720,60,0,2018-11-14T20:46:32Z,AlexxxVendetta,alexxxvendetta,IRL,2764,636,_ÙÀ•ü StreifenhÌ¦rnchen 3 - Marvel Part#03 Serien !,de,de,,2012-03-24T16:59:57Z,2018-11-14T21:35:31Z,FALSE,FALSE
31241104560,,0,720,60,0,2018-11-14T20:46:32Z,AlexxxVendetta,alexxxvendetta,IRL,2764,636,_ÙÀ•ü StreifenhÌ¦rnchen 3 - Marvel Part#03 Serien !,de,de,,2012-03-24T16:59:57Z,2018-11-14T21:35:31Z,FALSE,FALSE
31241104560,,0,720,60,0,2018-11-14T20:46:32Z,AlexxxVendetta,alexxxvendetta,IRL,2764,636,_ÙÀ•ü StreifenhÌ¦rnchen 3 - Marvel Part#03 Serien !,de,de,,2012-03-24T16:59:57Z,2018-11-14T21:35:31Z,FALSE,FALSE
31241104560,,0,720,60,0,2018-11-14T20:46:32Z,AlexxxVendetta,alexxxvendetta,IRL,2764,636,_ÙÀ•ü StreifenhÌ¦rnchen 3 - Marvel Part#03 Serien !,de,de,,2012-03-24T16:59:57Z,2018-11-14T21:35:31Z,FALSE,FALSE
31241104560,,0,720,60,0,2018-11-14T20:46:32Z,AlexxxVendetta,alexxxvendetta,IRL,2764,636,_ÙÀ•ü StreifenhÌ¦rnchen 3 - Marvel Part#03 Serien !,de,de,,2012-03-24T16:59:57Z,2018-11-14T21:35:31Z,FALSE,FALSE
31241104560,,0,720,60,0,2018-11-14T20:46:32Z,AlexxxVendetta,alexxxvendetta,IRL,2764,636,_ÙÀ•ü StreifenhÌ¦rnchen 3 - Marvel Part#03 Serien !,de,de,,2012-03-24T16:59:57Z,2018-11-14T21:35:31Z,FALSE,FALSE
31241104560,,0,720,60,0,2018-11-14T20:46:32Z,AlexxxVendetta,alexxxvendetta,IRL,2764,636,_ÙÀ•ü StreifenhÌ¦rnchen 3 - Marvel Part#03 Serien !,de,de,,2012-03-24T16:59:57Z,2018-11-14T21:35:31Z,FALSE,FALSE
31241065952,,0,1080,60.0096,0,2018-11-14T20:43:04Z,fuliang,fuliang,Creative,264,9,“_«‘ª+“_Ô“ÑÉ+_µ‘¦Û+‘Éü¡Û‘_Â+“á¬‘øü “÷“Ü“÷ ’‘_ã ‘¡©“ Á ~W~,ko,ko,,2017-11-06T08:51:00Z,2018-11-14T20:11:35Z,FALSE,FALSE
31240853328,Call of Duty: Black Ops 4,0,576,60,0,2018-11-14T20:24:30Z,greedmonstar,greedmonstar,Magic: The Gathering,8,1,ARENA TIME,en,en,,2018-11-07T00:11:33Z,2018-11-14T21:24:03Z,FALSE,FALSE
31240853328,Call of Duty: Black Ops 4,0,576,60,0,2018-11-14T20:24:30Z,greedmonstar,greedmonstar,Magic: The Gathering,8,1,ARENA TIME,en,en,,2018-11-07T00:11:33Z,2018-11-14T21:24:03Z,FALSE,FALSE
31240853328,Call of Duty: Black Ops 4,0,576,60,0,2018-11-14T20:24:30Z,greedmonstar,greedmonstar,Magic: The Gathering,8,1,ARENA TIME,en,en,,2018-11-07T00:11:33Z,2018-11-14T21:24:03Z,FALSE,FALSE
31240849040,,0,720,60.03937,0,2018-11-14T20:24:06Z,GoDamuss,godamuss,Creative,316,3,"3ds max / maybe a gamesilent vids 4 copyrightsthey \claimed\"" my modeling videos",,,,,,,
live chat on YT,,,,,,,,,,,,,,,,,,,
"www.youtube.com/user/jewishmonkeyrapist""",en,en,,2013-01-26T00:09:27Z,2018-10-28T18:00:59Z,TRUE,FALSE,,,,,,,,,,,,
31240849040,,0,720,60.03937,0,2018-11-14T20:24:06Z,GoDamuss,godamuss,Creative,316,3,"3ds max / maybe a gamesilent vids 4 copyrightsthey \claimed\"" my modeling videos",,,,,,,
live chat on YT,,,,,,,,,,,,,,,,,,,
"www.youtube.com/user/jewishmonkeyrapist""",en,en,,2013-01-26T00:09:27Z,2018-10-28T18:00:59Z,TRUE,FALSE,,,,,,,,,,,,
31240849040,,0,720,60.03937,0,2018-11-14T20:24:06Z,GoDamuss,godamuss,Creative,316,3,"3ds max / maybe a gamesilent vids 4 copyrightsthey \claimed\"" my modeling videos",,,,,,,
live chat on YT,,,,,,,,,,,,,,,,,,,
"www.youtube.com/user/jewishmonkeyrapist""",en,en,,2013-01-26T00:09:27Z,2018-10-28T18:00:59Z,TRUE,FALSE,,,,,,,,,,,,
31240853328,Call of Duty: Black Ops 4,0,576,60,0,2018-11-14T20:24:30Z,greedmonstar,greedmonstar,Magic: The Gathering,8,1,ARENA TIME,en,en,,2018-11-07T00:11:33Z,2018-11-14T21:24:03Z,FALSE,FALSE
31240853328,Call of Duty: Black Ops 4,0,576,60,0,2018-11-14T20:24:30Z,greedmonstar,greedmonstar,Magic: The Gathering,8,1,ARENA TIME,en,en,,2018-11-07T00:11:33Z,2018-11-14T21:24:03Z,FALSE,FALSE
31240853328,Call of Duty: Black Ops 4,0,576,60,0,2018-11-14T20:24:30Z,greedmonstar,greedmonstar,Magic: The Gathering,8,1,ARENA TIME,en,en,,2018-11-07T00:11:33Z,2018-11-14T21:24:03Z,FALSE,FALSE
31240849040,,0,720,60.03937,0,2018-11-14T20:24:06Z,GoDamuss,godamuss,Creative,316,3,"3ds max / maybe a gamesilent vids 4 copyrightsthey \claimed\"" my modeling videos",,,,,,,
live chat on YT,,,,,,,,,,,,,,,,,,,
"www.youtube.com/user/jewishmonkeyrapist""",en,en,,2013-01-26T00:09:27Z,2018-10-28T18:00:59Z,TRUE,FALSE,,,,,,,,,,,,
31240849040,,0,720,60.03937,0,2018-11-14T20:24:06Z,GoDamuss,godamuss,Creative,316,3,"3ds max / maybe a gamesilent vids 4 copyrightsthey \claimed\"" my modeling videos",,,,,,,
live chat on YT,,,,,,,,,,,,,,,,,,,
"www.youtube.com/user/jewishmonkeyrapist""",en,en,,2013-01-26T00:09:27Z,2018-10-28T18:00:59Z,TRUE,FALSE,,,,,,,,,,,,
31240849040,,0,720,60.03937,0,2018-11-14T20:24:06Z,GoDamuss,godamuss,Creative,316,3,"3ds max / maybe a gamesilent vids 4 copyrightsthey \claimed\"" my modeling videos",,,,,,,
live chat on YT,,,,,,,,,,,,,,,,,,,
"www.youtube.com/user/jewishmonkeyrapist""",en,en,,2013-01-26T00:09:27Z,2018-10-28T18:00:59Z,TRUE,FALSE,,,,,,,,,,,,
31240853328,Call of Duty: Black Ops 4,0,576,60,0,2018-11-14T20:24:30Z,greedmonstar,greedmonstar,Magic: The Gathering,8,1,ARENA TIME,en,en,,2018-11-07T00:11:33Z,2018-11-14T21:24:03Z,FALSE,FALSE
31240853328,Call of Duty: Black Ops 4,0,576,60,0,2018-11-14T20:24:30Z,greedmonstar,greedmonstar,Magic: The Gathering,8,1,ARENA TIME,en,en,,2018-11-07T00:11:33Z,2018-11-14T21:24:03Z,FALSE,FALSE
31240853328,Call of Duty: Black Ops 4,0,576,60,0,2018-11-14T20:24:30Z,greedmonstar,greedmonstar,Magic: The Gathering,8,1,ARENA TIME,en,en,,2018-11-07T00:11:33Z,2018-11-14T21:24:03Z,FALSE,FALSE
31240849040,,0,720,60.03937,0,2018-11-14T20:24:06Z,GoDamuss,godamuss,Creative,316,3,"3ds max / maybe a gamesilent vids 4 copyrightsthey \claimed\"" my modeling videos",,,,,,,
live chat on YT,,,,,,,,,,,,,,,,,,,
"www.youtube.com/user/jewishmonkeyrapist""",en,en,,2013-01-26T00:09:27Z,2018-10-28T18:00:59Z,TRUE,FALSE,,,,,,,,,,,,
31240849040,,0,720,60.03937,0,2018-11-14T20:24:06Z,GoDamuss,godamuss,Creative,316,3,"3ds max / maybe a gamesilent vids 4 copyrightsthey \claimed\"" my modeling videos",,,,,,,
live chat on YT,,,,,,,,,,,,,,,,,,,
"www.youtube.com/user/jewishmonkeyrapist""",en,en,,2013-01-26T00:09:27Z,2018-10-28T18:00:59Z,TRUE,FALSE,,,,,,,,,,,,
31240849040,,0,720,60.03937,0,2018-11-14T20:24:06Z,GoDamuss,godamuss,Creative,316,3,"3ds max / maybe a gamesilent vids 4 copyrightsthey \claimed\"" my modeling videos",,,,,,,
live chat on YT,,,,,,,,,,,,,,,,,,,
"www.youtube.com/user/jewishmonkeyrapist""",en,en,,2013-01-26T00:09:27Z,2018-10-28T18:00:59Z,TRUE,FALSE,,,,,,,,,,,,
31240643776,CreativeDestruction,0,720,60,0,2018-11-14T20:06:22Z,yungErikStreamt,yungerikstreamt,asmr,911,39,Fortnite 2.0 Kappa,de,de,,2016-05-02T19:35:10Z,2018-11-14T22:06:24Z,FALSE,FALSE
31240574208,,0,1080,60.0096,0,2018-11-14T20:01:05Z,Thormug,thormug,IRL,2585,38,NOTHING PLANNED,fr,fr,,2012-09-18T22:09:04Z,2018-11-14T20:01:04Z,FALSE,FALSE
31240574208,,0,1080,60.0096,0,2018-11-14T20:01:05Z,Thormug,thormug,IRL,2585,38,NOTHING PLANNED,fr,fr,,2012-09-18T22:09:04Z,2018-11-14T20:01:04Z,FALSE,FALSE
31240574208,,0,1080,60.0096,0,2018-11-14T20:01:05Z,Thormug,thormug,IRL,2585,38,NOTHING PLANNED,fr,fr,,2012-09-18T22:09:04Z,2018-11-14T20:01:04Z,FALSE,FALSE
31240574208,,0,1080,60.0096,0,2018-11-14T20:01:05Z,Thormug,thormug,IRL,2585,38,NOTHING PLANNED,fr,fr,,2012-09-18T22:09:04Z,2018-11-14T20:01:04Z,FALSE,FALSE
31240398800,,0,720,30,0,2018-11-14T19:46:24Z,StetteMedia,stettemedia,IRL,5118,198,HERALD SCRUB,en,no,,2017-03-25T17:19:27Z,2018-11-14T21:08:43Z,TRUE,FALSE
31240110016,,0,1080,59.949623,0,2018-11-14T19:20:59Z,ComiPat,comipat,Creative,3014,129,Art~,en,en-gb,,2014-03-11T18:02:32Z,2018-11-14T16:45:10Z,FALSE,FALSE
31239921104,,0,720,30,0,2018-11-14T19:04:51Z,seanpatrickrichards,seanpatrickrichards,Creative,5809,79,seanpatrickrichards's mobile stream,en,en,,2017-04-18T13:38:10Z,2018-11-14T08:55:48Z,FALSE,FALSE
31239829232,,0,720,30,0,2018-11-14T18:57:58Z,isovector,isovector,Creative,904,57,Sandy Maguire - Haskell game development #haskell,en,en,,2017-08-27T03:15:21Z,2018-11-14T22:05:59Z,FALSE,FALSE
31239829232,,0,720,30,0,2018-11-14T18:57:58Z,isovector,isovector,Creative,904,57,Sandy Maguire - Haskell game development #haskell,en,en,,2017-08-27T03:15:21Z,2018-11-14T22:05:59Z,FALSE,FALSE
31239829232,,0,720,30,0,2018-11-14T18:57:58Z,isovector,isovector,Creative,904,57,Sandy Maguire - Haskell game development #haskell,en,en,,2017-08-27T03:15:21Z,2018-11-14T22:05:59Z,FALSE,FALSE
31239829232,,0,720,30,0,2018-11-14T18:57:58Z,isovector,isovector,Creative,904,57,Sandy Maguire - Haskell game development #haskell,en,en,,2017-08-27T03:15:21Z,2018-11-14T22:05:59Z,FALSE,FALSE
31239142224,Fortnite,0,720,30.146767,0,2018-11-14T17:59:28Z,jdw0132,jdw0132,,3,1,Ls nasty,en,en,,2018-11-14T17:28:43Z,2018-11-14T22:19:48Z,FALSE,FALSE
31239142224,Fortnite,0,720,30.146767,0,2018-11-14T17:59:28Z,jdw0132,jdw0132,,3,1,Ls nasty,en,en,,2018-11-14T17:28:43Z,2018-11-14T22:19:48Z,FALSE,FALSE
31239142224,Fortnite,0,720,30.146767,0,2018-11-14T17:59:28Z,jdw0132,jdw0132,,3,1,Ls nasty,en,en,,2018-11-14T17:28:43Z,2018-11-14T22:19:48Z,FALSE,FALSE
31239142224,Fortnite,0,720,30.146767,0,2018-11-14T17:59:28Z,jdw0132,jdw0132,,3,1,Ls nasty,en,en,,2018-11-14T17:28:43Z,2018-11-14T22:19:48Z,FALSE,FALSE
31237289712,,0,720,30.015007,0,2018-11-14T14:53:35Z,jake_kim,jake_kim,Creative,1876,107,"Korean Portrait Painter Oil On Canvas _Û“¤ã¦Î",en,ko,,2017-05-12T01:59:19Z,2018-11-14T21:35:36Z,FALSE,FALSE
31237281232,,0,720,30.003658,0,2018-11-14T14:52:30Z,lovejesusbrian,lovejesusbrian,IRL,289,3,Jesucristo Vive!,en,en,,2018-09-10T18:28:48Z,2018-11-14T16:44:58Z,FALSE,FALSE
31237174384,,0,1080,60,0,2018-11-14T14:39:02Z,Trailers247,trailers247,IRL,202412,532,Movie Trailers 24/7,en,en,,2017-05-23T14:42:44Z,2018-11-14T22:07:31Z,FALSE,TRUE
31236957936,,0,720,30,0,2018-11-14T14:11:15Z,thepaloalto,thepaloalto,IRL,142,2,Link's Awakening (Link the Dog's Nap-Cam),en,en,,2012-12-19T01:57:13Z,2018-11-14T16:44:47Z,FALSE,FALSE
31236849568,,0,1080,60,0,2018-11-14T13:57:55Z,fablab_vwcc,fablab_vwcc,Creative,1614,19,Horticulture at VWCC is using our 3D printed planters,en,en,,2018-05-15T15:02:17Z,2018-11-14T21:02:29Z,FALSE,FALSE
31236420160,,0,720,30,0,2018-11-14T12:56:37Z,Mint3,mint3,IRL,7061,236,‹À‹»‹ÄÈ‹Ä‹Ä£‹Ä_‹Ä‹ÄÇ,ja,ja,,2012-05-01T22:05:44Z,2018-11-14T21:31:07Z,TRUE,FALSE
31236333856,,0,736,29.980658,0,2018-11-14T12:42:55Z,macroszz1,macroszz1,IRL,2,0,Watch me play (null),en,en,,2018-07-15T06:56:27Z,2018-11-14T12:59:27Z,FALSE,FALSE
31236238800,,0,720,60,0,2018-11-14T12:27:39Z,Talianiz,talianiz,IRL,365,3,,fr,fr,,2014-09-18T14:14:08Z,2018-11-14T14:27:38Z,FALSE,FALSE
31236238800,,0,720,60,0,2018-11-14T12:27:39Z,Talianiz,talianiz,IRL,365,3,,fr,fr,,2014-09-18T14:14:08Z,2018-11-14T14:27:38Z,FALSE,FALSE
31236083072,,0,460,30,0,2018-11-14T12:02:15Z,radionoise3,radionoise3,IRL,602,4,studio roma,en,it,,2018-04-03T22:41:24Z,2018-11-09T19:14:09Z,FALSE,FALSE
31236083072,,0,460,30,0,2018-11-14T12:02:15Z,radionoise3,radionoise3,IRL,602,4,studio roma,en,it,,2018-04-03T22:41:24Z,2018-11-09T19:14:09Z,FALSE,FALSE
31233268224,,0,720,30,0,2018-11-14T03:45:30Z,ztaylorbatterytv,ztaylorbatterytv,IRL,698,8,Battery Research,en,en,,2017-01-06T03:35:58Z,2018-11-11T23:47:24Z,FALSE,FALSE
31233162992,,0,1080,30,0,2018-11-14T03:34:02Z,Rynstrum,rynstrum,IRL,159,4,Building sentinel from the matrix then 3d printer repairs,en,en,,2014-02-20T03:18:39Z,2018-07-14T23:00:04Z,FALSE,FALSE
31231856688,,0,720,30,0,2018-11-14T01:35:00Z,reggietheskink,reggietheskink,IRL,6288,134,Reggie the Skink,en,en,,2018-04-04T18:16:27Z,2018-11-14T17:15:16Z,FALSE,FALSE
31231856688,,0,720,30,0,2018-11-14T01:35:00Z,reggietheskink,reggietheskink,IRL,6288,134,Reggie the Skink,en,en,,2018-04-04T18:16:27Z,2018-11-14T17:15:16Z,FALSE,FALSE
31231363856,,0,720,20,0,2018-11-14T00:56:53Z,git247,git247,Creative,877,6,Control the Gadgets in the Live Stream - Learn about GetInTouch!,en,en,,2018-05-28T20:22:42Z,2018-11-14T18:40:27Z,FALSE,FALSE
31231363856,,0,720,20,0,2018-11-14T00:56:53Z,git247,git247,Creative,877,6,Control the Gadgets in the Live Stream - Learn about GetInTouch!,en,en,,2018-05-28T20:22:42Z,2018-11-14T18:40:27Z,FALSE,FALSE
31231360704,,0,1080,60,0,2018-11-14T00:56:40Z,BreakingDadOfficial,breakingdadofficial,IRL,4915,129,Breaking VOD Re-runs,en,en-gb,,2017-12-20T11:23:40Z,2018-11-14T22:00:21Z,TRUE,FALSE
31231360704,,0,1080,60,0,2018-11-14T00:56:40Z,BreakingDadOfficial,breakingdadofficial,IRL,4915,129,Breaking VOD Re-runs,en,en-gb,,2017-12-20T11:23:40Z,2018-11-14T22:00:21Z,TRUE,FALSE
31236238800,,0,720,60,0,2018-11-14T12:27:39Z,Talianiz,talianiz,IRL,365,3,,fr,fr,,2014-09-18T14:14:08Z,2018-11-14T14:27:38Z,FALSE,FALSE
31236238800,,0,720,60,0,2018-11-14T12:27:39Z,Talianiz,talianiz,IRL,365,3,,fr,fr,,2014-09-18T14:14:08Z,2018-11-14T14:27:38Z,FALSE,FALSE
31236083072,,0,460,30,0,2018-11-14T12:02:15Z,radionoise3,radionoise3,IRL,602,4,studio roma,en,it,,2018-04-03T22:41:24Z,2018-11-09T19:14:09Z,FALSE,FALSE
31236083072,,0,460,30,0,2018-11-14T12:02:15Z,radionoise3,radionoise3,IRL,602,4,studio roma,en,it,,2018-04-03T22:41:24Z,2018-11-09T19:14:09Z,FALSE,FALSE
31235793920,,0,720,30,0,2018-11-14T11:10:36Z,TekksPrints,tekksprints,Creative,417,11,‰Ð»•ü Project TorbjÌ¦rn Turret å_ 3D-Printing ‰Ð»•ü,en,de,,2017-11-15T17:44:44Z,2018-11-14T08:53:36Z,FALSE,FALSE
31235434544,,0,480,30,0,2018-11-14T09:50:15Z,UETV_DGM,uetv_dgm,IRL,151036,93,Daily Global Meditation,en,en,,2018-02-03T14:54:51Z,2018-11-14T21:05:34Z,FALSE,FALSE
31231856688,,0,720,30,0,2018-11-14T01:35:00Z,reggietheskink,reggietheskink,IRL,6288,134,Reggie the Skink,en,en,,2018-04-04T18:16:27Z,2018-11-14T17:15:16Z,FALSE,FALSE
31231856688,,0,720,30,0,2018-11-14T01:35:00Z,reggietheskink,reggietheskink,IRL,6288,134,Reggie the Skink,en,en,,2018-04-04T18:16:27Z,2018-11-14T17:15:16Z,FALSE,FALSE
31231363856,,0,720,20,0,2018-11-14T00:56:53Z,git247,git247,Creative,877,6,Control the Gadgets in the Live Stream - Learn about GetInTouch!,en,en,,2018-05-28T20:22:42Z,2018-11-14T18:40:27Z,FALSE,FALSE
31231363856,,0,720,20,0,2018-11-14T00:56:53Z,git247,git247,Creative,877,6,Control the Gadgets in the Live Stream - Learn about GetInTouch!,en,en,,2018-05-28T20:22:42Z,2018-11-14T18:40:27Z,FALSE,FALSE
31231360704,,0,1080,60,0,2018-11-14T00:56:40Z,BreakingDadOfficial,breakingdadofficial,IRL,4915,129,Breaking VOD Re-runs,en,en-gb,,2017-12-20T11:23:40Z,2018-11-14T22:00:21Z,TRUE,FALSE
31231360704,,0,1080,60,0,2018-11-14T00:56:40Z,BreakingDadOfficial,breakingdadofficial,IRL,4915,129,Breaking VOD Re-runs,en,en-gb,,2017-12-20T11:23:40Z,2018-11-14T22:00:21Z,TRUE,FALSE
31226707248,,0,360,23.979887,0,2018-11-13T18:27:40Z,OCSBroadcastify,ocsbroadcastify,IRL,2948,36,"LIVE Sheriff/Fire/EMS | !Discord Otoe,  Cass, and Johnson Counties, Nebraska | Broadcastify",en,en,,2018-01-15T23:56:22Z,2018-11-14T15:47:49Z,FALSE,FALSE
31224751328,,0,720,60,0,2018-11-13T15:21:21Z,tacosbirdfarm,tacosbirdfarm,IRL,3189,135,Watch birds & chill,en,en,,2018-05-11T20:38:21Z,2018-11-14T14:51:44Z,FALSE,FALSE
31223048352,,0,1080,30,0,2018-11-13T10:53:30Z,fatpigsignals,fatpigsignals,IRL,28715,956,Bitcoin and Crypto Trading 24-7 - www.fatpigsignals.com - Free Signals,en,en,,2018-01-23T06:29:56Z,2018-11-13T21:58:07Z,FALSE,FALSE
31222495200,,0,648,23.979591,0,2018-11-13T08:47:37Z,iamindiefilm,iamindiefilm,Creative,3764,265,24/7 Indie Short Films || iamindiefilm,en,en,,2017-12-29T22:31:30Z,2018-11-13T20:11:12Z,TRUE,FALSE
31222461856,,0,1080,60,0,2018-11-13T08:39:39Z,nanamikiri,nanamikiri,IRL,913,10,“«_Ä“ÊÛ_Ä,ko,ko,,2016-02-17T07:48:53Z,2018-11-14T08:55:52Z,FALSE,FALSE